_id,name,building,wkt_geom
370,office1,ismb,"Polygon ((7.65849699875971002 45.06483178751094698, 7.65845629799319827 45.06484553062690424, 7.65848907003896073 45.06488760570501739, 7.65854404250281906 45.06486815391011191, 7.65849699875971002 45.06483178751094698))"
371,office2,ismb,"Polygon ((7.65858772975415558 45.06479957047566387, 7.65861849319066135 45.06484127554681862, 7.65866220687105503 45.06482747957271329, 7.65863128486013611 45.0647846644806549, 7.65858772975415558 45.06479957047566387))"
372,research_lab1,ismb,"Polygon ((7.65861320737683293 45.06493721306793532, 7.65862399043705455 45.06495233049549398, 7.6586731485056978 45.06493520445867773, 7.65866236544547885 45.06491945273345578, 7.65861320737683293 45.06493721306793532))"
373,maintenance1,ismb,"Polygon ((7.65870710985959313 45.0648787519670293, 7.6587307903055617 45.06491025541746609, 7.65879585867384272 45.06488715641101095, 7.65877302395808446 45.0648553886698906, 7.65870710985959313 45.0648787519670293))"
374,research_lab2,ismb,"Polygon ((7.65862795479743408 45.06497775526004546, 7.65864502797611824 45.06498121746813723, 7.65866696410352521 45.06500896799076372, 7.65870866917466042 45.0649943527155088, 7.65869122598901342 45.06497056655324229, 7.65866136114085627 45.0649810324646225, 7.6586479880318592 45.06496739506494009, 7.65863334632754356 45.06496612646961353, 7.65862795479743408 45.06497775526004546))"
375,research_lab3,ismb,"Polygon ((7.65862568189748316 45.06495418053034996, 7.65863339918568276 45.06496469929988535, 7.65864872804579733 45.06496596789520481, 7.65866183686410285 45.06497960529488722, 7.65869756896560983 45.06496723649052427, 7.65867457567543397 45.06493626162146171, 7.65862568189748316 45.06495418053034996))"
376,research_lab4,ismb,"Polygon ((7.65853059010662651 45.06494376747708941, 7.6585700222778188 45.06499673133170347, 7.65862636905327232 45.06497770240189737, 7.65863197201593504 45.06496480501614599, 7.65861167449081659 45.06493837594698704, 7.65860205430964314 45.06494123028645049, 7.6585898969378281 45.06492315280313932, 7.65853059010662651 45.06494376747708941))"
377,research_lab5,ismb,"Polygon ((7.65857137016037282 45.06499836993403107, 7.65866741339771195 45.0651288766775906, 7.65873422608455545 45.06510530194787378, 7.65864383866801823 45.06498256535068236, 7.65862787551024393 45.06497907671354852, 7.65857137016037282 45.06499836993403107))"
378,research_lab6,ismb,"Polygon ((7.65866796840815134 45.0650119544755654, 7.65871477428964553 45.0650745385113396, 7.65876340377690301 45.0650575181908053, 7.65871762862910987 45.06499477558061528, 7.65866796840815134 45.0650119544755654))"
379,research_lab7,ismb,"Polygon ((7.65876393235829145 45.06505836392103248, 7.65871551430358455 45.06507511995087611, 7.65873708042401979 45.06510487908273888, 7.65878666135777131 45.06508796447849363, 7.65876393235829145 45.06505836392103248))"
380,research_lab8,ismb,"Polygon ((7.65877603687197883 45.06512041937552482, 7.65881182183162679 45.06516978887671598, 7.65883930806355639 45.06516022155368262, 7.65880172592720498 45.06511005918041235, 7.65877603687197883 45.06512041937552482))"
381,research_lab9,ismb,"Polygon ((7.65912175552574759 45.06569319016280417, 7.65913285573479641 45.06570978761823909, 7.65911615256308576 45.06572670222250565, 7.65910621523308155 45.06573008514337886, 7.65914829031118938 45.06578865196063788, 7.65923571767198208 45.06575799424041406, 7.65922229170484758 45.0657436696849274, 7.65923212331857606 45.0657389124524741, 7.65919512262174873 45.06568848578853448, 7.65918835678004317 45.06569144584427988, 7.65917530081987596 45.06567463695629527, 7.65912175552574759 45.06569319016280417))"
382,ext_office1,ismb,"Polygon ((7.65931949782124377 45.06573399664565471, 7.65915008748790793 45.06579240488852633, 7.65921774590496707 45.06588654523287829, 7.65938594050111998 45.06582766126677342, 7.65931949782124377 45.06573399664565471))"
383,research_lab10,ismb,"Polygon ((7.65885923558171822 45.06518945210428484, 7.65877423969529048 45.06521775763735604, 7.65879683654942411 45.06524775463086741, 7.65877955193819382 45.0652540976074647, 7.65879181502628548 45.06527006076524344, 7.65889483553788519 45.06523559725904704, 7.65889166404958566 45.06523158004053897, 7.65888267816607016 45.06523454009629148, 7.65887622947319446 45.06522565992905527, 7.65888616680319956 45.06522206557564658, 7.65885923558171822 45.06518945210428484))"
384,mainteinance2,ismb,"Polygon ((7.65890334569816211 45.06529490409030103, 7.65895763100622595 45.06536856190606954, 7.65898490580560232 45.06536052746903209, 7.6589308847882327 45.0652854689126201, 7.65890334569816211 45.06529490409030103))"
385,research_lab11,ismb,"Polygon ((7.65881145182467993 45.06532553538143304, 7.65885429334579904 45.06538233145107597, 7.65894267215307867 45.06535209659597285, 7.65890144280518381 45.06529490409030814, 7.65881145182467993 45.06532553538143304))"
386,research_lab12,ismb,"Polygon ((7.65895075944826065 45.06551577182136015, 7.65898369006843804 45.06556038409014064, 7.65908026188715851 45.06552761204437729, 7.65905996436204273 45.06549980866360272, 7.6590518242087402 45.06550276871934813, 7.65904030113458489 45.06548585411508157, 7.65895075944826065 45.06551577182136015))"
387,research_lab13,ismb,"Polygon ((7.65901968646064546 45.0656105728926093, 7.65908517769402675 45.06570053744404447, 7.65917329221061749 45.0656697740075316, 7.65916124055507908 45.06565433943113419, 7.65916895784327423 45.06565116794283909, 7.65912984282091536 45.06559608976271392, 7.65912149123505959 45.06559883838590252, 7.65910838241675496 45.06558044375376682, 7.65901968646064546 45.0656105728926093))"
388,research_lab14,ismb,"Polygon ((7.65889525840299079 45.06523654870555617, 7.65879207931698147 45.06527058934663188, 7.65880534670970281 45.06528739823462359, 7.65878874925426878 45.06529263119031725, 7.65881005108401158 45.06532143887571351, 7.65891825169316842 45.06528417388818042, 7.65890641147018325 45.06526736500019581, 7.65891529163742035 45.06526303063287031, 7.65889525840299079 45.06523654870555617))"
389,stairs,ismb,"Polygon ((7.65932996373263109 45.06573827815490318, 7.65934444686253357 45.06575873425445167, 7.65944117725566986 45.06572416503199463, 7.65942701127459902 45.06570397322315813, 7.65932996373263109 45.06573827815490318))"
390,research_lab15,ismb,"Polygon ((7.65934476401136344 45.0657594214102275, 7.65939127917308937 45.06582591694825624, 7.65948874958016379 45.06579124200951014, 7.65944191726960621 45.06572495790405242, 7.65934476401136344 45.0657594214102275))"
391,hall1,ismb,"Polygon ((7.65855072905732026 45.06481270572300701, 7.65857388092190661 45.06484378630834442, 7.65860823871181839 45.06483184036908085, 7.65858593257744502 45.06480012548608727, 7.65855072905732026 45.06481270572300701))"
392,conference_room1,ismb,"Polygon ((7.65854594539579647 45.06486968679611493, 7.65849023291800357 45.0648891914491827, 7.65852813220318485 45.0649398824038272, 7.65860223931311612 45.06491361190908407, 7.65854594539579647 45.06486968679611493))"
393,warehouse1,ismb,"Polygon ((7.65857832100553182 45.06485824300922616, 7.65859650420511606 45.06486754604156886, 7.65862504759981189 45.06485760871156998, 7.65861637886512625 45.06484566277230641, 7.65857832100553182 45.06485824300922616))"
394,research_lab16,ismb,"Polygon ((7.6586631583175464 45.06482880102618083, 7.65861780603486153 45.06484476418395957, 7.65864148648083454 45.06487806481110425, 7.65867071703133018 45.0648805491436093, 7.65869524320751349 45.06487198612520473, 7.6586631583175464 45.06482880102618083))"
395,lift,ismb,"Polygon ((7.65859486560283287 45.06492103847761399, 7.65860512008166783 45.06493583875634812, 7.65862298613242221 45.06492886148208754, 7.65861178020709676 45.06491458978474185, 7.65859486560283287 45.06492103847761399))"
396,changing_room,ismb,"Polygon ((7.65873084316370267 45.06500751439198638, 7.65878047695558895 45.06507570139043395, 7.65879992875049265 45.06506830125106688, 7.65874997780977651 45.06500021996890126, 7.65873084316370267 45.06500751439198638))"
397,research_lab17,ismb,"Polygon ((7.65867090203485379 45.06513310532872651, 7.65871329426179415 45.06519061498327261, 7.6587322703334495 45.06518379628341364, 7.65875277929112031 45.06518527631127569, 7.65877323539065458 45.06521323826645187, 7.6588280492800962 45.06519537221568328, 7.65876002085607155 45.06510234189222075, 7.65867090203485379 45.06513310532872651))"
398,research_lab18,ismb,"Polygon ((7.65871350569434739 45.06519103784840752, 7.65873893045888465 45.0652251313476313, 7.65877273323834196 45.06521347612813599, 7.65875248857136448 45.0651859106089816, 7.65873234962066274 45.06518443058111245, 7.65871350569434739 45.06519103784840752))"
399,warehouse2,ismb,"Polygon ((7.65883021646376783 45.06519452648547031, 7.65885738554686757 45.06518522345312761, 7.65884057665887941 45.06516196587226375, 7.65881340757578055 45.06517190320226973, 7.65883021646376783 45.06519452648547031))"
400,maintenance2,ismb,"Polygon ((7.65896196537356921 45.06528980327995981, 7.65894230214611138 45.06529773200070821, 7.65899093163337152 45.06536243036201483, 7.65900959055620056 45.06535503022265488, 7.65896196537356921 45.06528980327995981))"
401,research_lab19,ismb,"Polygon ((7.65885482192718303 45.065383282897578, 7.65887871380570573 45.06541626637591946, 7.65895060087382706 45.06539216306482842, 7.65892628613019877 45.06535854528884499, 7.65885482192718303 45.065383282897578))"
402,ext_office2,ismb,"Polygon ((7.65893574773696173 45.0654025496890327, 7.65890366284699819 45.06541306845856809, 7.65892057745126387 45.0654370131952362, 7.65895324378074882 45.06542633585129209, 7.65893574773696173 45.0654025496890327))"
403,research_lab20,ismb,"Polygon ((7.65874083335186651 45.06522914856615358, 7.65876356235134814 45.06525853769106504, 7.65879622868083221 45.0652473317657325, 7.65877349968135235 45.06521773120827135, 7.65874083335186651 45.06522914856615358))"
404,ext_office3,ismb,"Polygon ((7.65900335329587811 45.0653793449662956, 7.65893648775089542 45.06540223254018684, 7.65895393093654153 45.06542601870243203, 7.65902047933269525 45.06540387114247892, 7.65900335329587811 45.0653793449662956))"
405,hall2,ismb,"Polygon ((7.65905272279707727 45.06540915695633487, 7.65904437121122239 45.06539620671244251, 7.65892015458615916 45.06543812321612563, 7.65890286997492709 45.06541317417482162, 7.65888199101028722 45.06542046859792094, 7.65894906798782671 45.0655122303260498, 7.65896968266177414 45.06550472447040789, 7.65895223947612713 45.06548167832210083, 7.65907561037098006 45.0654399732509674, 7.65906620162235807 45.06542739301404765, 7.65898226289869655 45.06545614784129583, 7.6589680969176257 45.06543548030921187, 7.65905272279707727 45.06540915695633487))"
406,conference_room2,ismb,"Polygon ((7.6589952131425898 45.06542839731867645, 7.6590076876632347 45.06544679195081216, 7.65906519731773194 45.06542638870943307, 7.6590525113645338 45.06540957982144846, 7.6589952131425898 45.06542839731867645))"
407,office,ismb,"Polygon ((7.65895387807841743 45.06548231261979964, 7.65896994695246836 45.06550440732161888, 7.65900250756567758 45.06549415284278126, 7.65898601582651928 45.06547100097819936, 7.65895387807841743 45.06548231261979964))"
408,ext_office4,ismb,"Polygon ((7.65898707298928461 45.06547057811309287, 7.65900314186333553 45.06549372997768188, 7.65903638963234457 45.06548289405931484, 7.6590200564676012 45.06546005934355037, 7.65898707298928461 45.06547057811309287))"
409,ext_office5,ismb,"Polygon ((7.65902095505595248 45.06545968933659196, 7.65903728822069851 45.06548236547793351, 7.65906947882693956 45.06547226957351882, 7.65905251136453469 45.06544858912754847, 7.65902095505595248 45.06545968933659196))"
410,conference_room3,ismb,"Polygon ((7.6590631358503396 45.06549906864970723, 7.65908512483588488 45.0655278499060401, 7.65912001120718067 45.06551548110167715, 7.65909907938440337 45.06548662055814702, 7.6590631358503396 45.06549906864970723))"
411,conference_room4,ismb,"Polygon ((7.65912043407228804 45.06551606254121367, 7.65908528341029982 45.06552816705490017, 7.65910610951680049 45.06555649901703475, 7.65914099588809716 45.06554455307777118, 7.65912043407228804 45.06551606254121367))"
412,multi_room,ismb,"Polygon ((7.65898490580561919 45.06556189054717265, 7.65901683212117312 45.06560650281595315, 7.65910552807728173 45.06557653225151938, 7.65909374071243487 45.06556014622863415, 7.65910135228435429 45.06555665759150031, 7.6590808961848218 45.06552948850838902, 7.65898490580561919 45.06556189054717265))"
413,warehouse3,ismb,"Polygon ((7.65913169285575179 45.06559228397673422, 7.65914474881591989 45.06561147148095614, 7.65918513243360088 45.06559762264871694, 7.6591702264385928 45.06557912230029928, 7.65913169285575179 45.06559228397673422))"
414,warehouse4,ismb,"Polygon ((7.65918587244753724 45.06559941982541773, 7.65914601741123935 45.06561316294138209, 7.6591736093594438 45.06565137937538168, 7.65919755409610747 45.06564286921513229, 7.65920051415185377 45.06564646356854098, 7.65921510299803199 45.06564054345704307, 7.65918587244753724 45.06559941982541773))"
415,research_lab21,ismb,"Polygon ((7.65908760916838904 45.06570450180440446, 7.65910589808424991 45.06572966227825106, 7.65911551826542514 45.06572638507367401, 7.65913169285575357 45.06570925903685776, 7.65912069836298137 45.06569329587908612, 7.65908760916838904 45.06570450180440446))"
416,research_lab22,ismb,"Polygon ((7.65919935127281537 45.06568795720717446, 7.65923555909757425 45.06573817243859281, 7.65930670615175835 45.06571549629724416, 7.65925670235290035 45.06564593498720228, 7.65922197455601861 45.06565772235205003, 7.65923487194177 45.06567537697025472, 7.65919935127281537 45.06568795720717446))"
417,maintenance3,ismb,"Polygon ((7.65922689036288951 45.06574414540821749, 7.65923688055103558 45.06575788852418896, 7.6592922230218603 45.06573933531763743, 7.65928202140116277 45.06572469361331912, 7.65922689036288951 45.06574414540821749))"
418,warehouse5,ismb,"Polygon ((7.65928514003132754 45.06572374216681709, 7.65929449592181211 45.06573801386416278, 7.65931722492129285 45.06573082515735251, 7.65930670615176457 45.06571618345304131, 7.65928514003132754 45.06572374216681709))"
419,hall3,ismb,"Polygon ((7.65849818806782245 45.06483131178769952, 7.6585460775411498 45.06486741389620221, 7.65861611457443203 45.06484246485491951, 7.65860845014437519 45.06483236895049771, 7.65857398663817968 45.06484531919437586, 7.65854988332710462 45.06481302287183865, 7.65849818806782245 45.06483131178769952))"
420,corridor1,ismb,"Polygon ((7.65854660612253912 45.06486828605553541, 7.65860200145150394 45.06491242260103292, 7.65869931328416254 45.06487864625063366, 7.65869497891682016 45.0648728318554177, 7.65867055845691169 45.06488171202266813, 7.65864064075061979 45.064879386264586, 7.65862578761375179 45.06485845444181138, 7.65859629277256548 45.06486870892064189, 7.6585754666660657 45.06485813729297973, 7.65854660612253912 45.06486828605553541))"
421,corridor2,ismb,"Polygon ((7.65861304880252547 45.06491009684367555, 7.65862795479753178 45.06492843861766318, 7.65866284116882934 45.06491628124584992, 7.65870121617725452 45.06496818793768711, 7.65869529606576194 45.06497061941205118, 7.6587121049537501 45.06499377127664019, 7.6587190822280089 45.06499165695110776, 7.65872997100450359 45.06500635151353862, 7.65875026852962026 45.06499895137417155, 7.65880164664007168 45.06506851268422054, 7.65878145483123074 45.06507654712125088, 7.65879123358682179 45.06509029023720103, 7.65884261169727587 45.06507221275390407, 7.65881089681428051 45.06502886908045724, 7.65882083414428649 45.06502506329449886, 7.6588138568700268 45.06501650027609429, 7.65880444812140482 45.06502030606205267, 7.65869994758193062 45.06487901625831682, 7.65861304880252547 45.06491009684367555))"
422,corridor3,ismb,"Polygon ((7.65876073444100935 45.06510176045322424, 7.65877484756394189 45.06511830505051819, 7.65880275666098065 45.06510731055774244, 7.65888804326716865 45.06522256772836954, 7.65887770950112401 45.06522626779806018, 7.65888291602775073 45.06523374722463871, 7.65889327622286231 45.06523036430378681, 7.65891753810835585 45.06526361207279052, 7.65890802364345724 45.06526784072386249, 7.65892049816410569 45.06528517819323554, 7.65898234218595064 45.06526403493791832, 7.65884279670076662 45.06507237132835542, 7.65876073444100935 45.06510176045322424))"
423,corridor4,ismb,"Polygon ((7.65893117550805069 45.06528208599216612, 7.65894190571013045 45.0652965691220686, 7.65896209751897139 45.06528901040828572, 7.65901136130389215 45.06535582309514609, 7.65904085614507935 45.06534398287216447, 7.65898292362547473 45.06526469566468052, 7.65893117550805069 45.06528208599216612))"
424,corridor5,ismb,"Polygon ((7.65892710543140254 45.06535814885324243, 7.65895157874944843 45.06539197806178976, 7.65897980499531439 45.06538256931317221, 7.65898213075340095 45.06538616366657379, 7.65905385924711002 45.06536285322757607, 7.65904117329390832 45.06534430002103164, 7.65901136130389393 45.06535656310912685, 7.65898947803462526 45.0653637518159087, 7.6589871522765387 45.06536079176016329, 7.65895575454237498 45.06536998907622404, 7.65894306858917684 45.06535286303940779, 7.65892710543140254 45.06535814885324243))"
425,corridor6,ismb,"Polygon ((7.65900475403660419 45.0653796092574197, 7.65902103434320924 45.06540360685222169, 7.6590447147891787 45.06539567813147329, 7.65906585804450746 45.06542506725639896, 7.65909292141133058 45.06541639852171244, 7.6590554978493941 45.06536332895081642, 7.65900475403660419 45.0653796092574197))"
426,corridor7,ismb,"Polygon ((7.65909302712760276 45.06541676852866374, 7.65906585804450302 45.06542570155404093, 7.65907648253030793 45.0654404225455707, 7.65905303994596043 45.06544813983378361, 7.65907109100019934 45.06547306244598872, 7.65903921754278993 45.06548225976207078, 7.65905232636109456 45.06550128869186267, 7.65909958153675774 45.06548490266898455, 7.65912040764325663 45.06551513752410898, 7.65915391970295545 45.06550139440815173, 7.65909302712760276 45.06541676852866374))"
427,corridor8,ismb,"Polygon ((7.65912077765022392 45.06551566610551873, 7.65914218519624868 45.06554500237231764, 7.65909567003452185 45.06556064838126474, 7.6591199847781537 45.06559511188745404, 7.65917115145605276 45.06557788013434873, 7.65919187184627681 45.06560568351510909, 7.65922030952469601 45.06559405472467716, 7.65915428970992185 45.06550181727329374, 7.65912077765022392 45.06551566610551873))"
428,corridor9,ismb,"Polygon ((7.65919208327883005 45.06560621209650463, 7.65922702250826326 45.06565547588142806, 7.65925609448434308 45.06564500997004075, 7.6592207323898025 45.06559447758979786, 7.65919208327883005 45.06560621209650463))"
429,corridor10,ismb,"Polygon ((7.65921592229921355 45.06564120418408237, 7.65920059343909898 45.06564733572812287, 7.65919758052521438 45.06564342422588965, 7.65916433275620712 45.06565547588144227, 7.65918843606728572 45.06568972795507477, 7.65923294261975585 45.06567450481124126, 7.65922057381538757 45.0656575902069747, 7.65922628249432691 45.0656554230233013, 7.65921592229921355 45.06564120418408237))"
430,toilets1,ismb,"Polygon ((7.65878570991128438 45.06497305088583261, 7.65885384405158831 45.06506539405349088, 7.65891241086885532 45.06504499081210469, 7.65884422387041663 45.06495227763750933, 7.65878570991128438 45.06497305088583261))"
431,toilets2,ismb,"Polygon ((7.65920394993086351 45.065548781729035, 7.65926780256196249 45.06563768911772883, 7.65932467791880356 45.06561792017399881, 7.6592617767341924 45.06552911850160115, 7.65920394993086351 45.065548781729035))"
433,room1,T,"Polygon ((7.6594305271668599 45.06569716269960679, 7.65945022762323369 45.06568942755109219, 7.65944080041098108 45.06567383639236368, 7.65944696435745431 45.06567057312658164, 7.6594375371452017 45.06565703661668465, 7.65940865119996683 45.06566779330758976, 7.6594305271668599 45.06569716269960679))"
434,room2,T,"Polygon ((7.65879431879936323 45.06490797477248123, 7.65884512543730889 45.06489123846821343, 7.65883436638456772 45.06487629533940975, 7.6587841574717741 45.06489362936882515, 7.65879431879936323 45.06490797477248123))"
435,ext_hall,T,"Polygon ((7.65877654453226953 45.06473286766158992, 7.65878923501030151 45.06474954657557674, 7.65883359125256646 45.06473310938498145, 7.6588218676680988 45.06471703477947699, 7.65877654453226953 45.06473286766158992))"
436,help_desk,T,"Polygon ((7.65883586069744826 45.0648329602658535, 7.6588137448668121 45.06484132841798385, 7.65883825159805731 45.06487360557621002, 7.65886754013052062 45.06486224879831326, 7.65885618335262652 45.06484969657011419, 7.6588478152004944 45.0648502942952689, 7.65883586069744826 45.0648329602658535))"
437,room3,T,"Polygon ((7.65939426865819684 45.06570973231594479, 7.65942786820955757 45.0656982504548651, 7.6594063548277509 45.06566851847776434, 7.6593737221699536 45.06568012120053623, 7.65939426865819684 45.06570973231594479))"
438,room4,T,"Polygon ((7.65935970221327 45.06566519478113975, 7.65937082148926063 45.06568042335477742, 7.65943910834724306 45.06565528412210142, 7.65942835165633973 45.06564114330372206, 7.65935970221327 45.06566519478113975))"
439,room5,T,"Polygon ((7.65881015851589897 45.06484312159344086, 7.6587766859073696 45.06485388064618292, 7.65880119263861392 45.06488496235409968, 7.65883346979683832 45.06487360557621002, 7.65881015851589897 45.06484312159344086))"
440,room6,T,"Polygon ((7.65882450391955416 45.06492919401537023, 7.65876114505340944 45.06495071212085435, 7.65877489273191259 45.06497043705088146, 7.65883944704836139 45.06494772349509503, 7.65882450391955416 45.06492919401537023))"
441,office1,T,"Polygon ((7.6589404329914279 45.06486357958530675, 7.65897052755361862 45.06490304092891108, 7.65901228526942912 45.06488914183392325, 7.65900019909987506 45.06487342981350963, 7.6589930682598375 45.06487620963250862, 7.65897530159059325 45.06485046609135026, 7.6589404329914279 45.06486357958530675))"
442,office2,T,"Polygon ((7.65942433300496717 45.0655403144341804, 7.65942965091957184 45.06555010423151941, 7.6594350896958705 45.06554925819964552, 7.65945188947155131 45.06557403484723778, 7.65950796929828392 45.06555518042272723, 7.65948258834221996 45.06551964708423696, 7.65942433300496717 45.0655403144341804))"
443,office3,T,"Polygon ((7.65954821624289828 45.0656121062813213, 7.65948899401208116 45.06563265276956542, 7.65949636657550936 45.06564280515198817, 7.65949999242637602 45.06564171739672986, 7.65951703392544747 45.06566661490600723, 7.65957287202878945 45.06564763961981157, 7.65954821624289828 45.0656121062813213))"
444,service_room,T,"Polygon ((7.65890109250952733 45.06481088388606082, 7.65893952652871057 45.06486285441514639, 7.65897481814380932 45.06484931790524229, 7.65894919546435382 45.06481354284336049, 7.65895548027252282 45.06481185077962692, 7.65894484444331436 45.06479565531242315, 7.65890109250952733 45.06481088388606082))"
445,office4,T,"Polygon ((7.65940173186790041 45.06550139696821589, 7.65940874184624221 45.06551142848894642, 7.65940511599537555 45.06551336227607152, 7.65942288266462068 45.06553922667892209, 7.65948210489543779 45.06551819674389492, 7.65945732824785086 45.06548205909692939, 7.65940173186790041 45.06550139696821589))"
446,office5,T,"Polygon ((7.65947001872588284 45.06560678836672906, 7.65948863142699476 45.06563192759940506, 7.65954737021102972 45.06561113938776941, 7.65952295614853185 45.06557476001740525, 7.65946723890688563 45.06559421875039106, 7.65947509491709599 45.06560412940942228, 7.65947001872588284 45.06560678836672906))"
447,study_room1,T,"Polygon ((7.65878266315889267 45.06489572140684174, 7.65873185652094612 45.06491305543625714, 7.65875994960310447 45.06495071212085435, 7.65882569936985824 45.06492620538961091, 7.65880956079074604 45.0649064804595838, 7.6587928244864818 45.06491066453565253, 7.65878266315889267 45.06489572140684174))"
448,office6,T,"Polygon ((7.6592027633016091 45.06512053155005759, 7.65924319153876798 45.06517558405237622, 7.65928621830238399 45.06516126194144789, 7.6592459109269182 45.06510578642320297, 7.6592027633016091 45.06512053155005759))"
449,laboratory1,T,"Polygon ((7.65908721952066784 45.06501139343900064, 7.65905785012865081 45.06502148539057373, 7.65911604503505394 45.0651025835882848, 7.65914650218233106 45.06509134345059664, 7.65908721952066784 45.06501139343900064))"
450,lab_1t_inner,T,"Polygon ((7.65899261502848461 45.06505067349001337, 7.65894874223300182 45.06506578120195172, 7.65898427557149208 45.0651159388056044, 7.65903008215410352 45.06510107281705757, 7.65902548940967254 45.06509466714719281, 7.65902959870732136 45.06509297508345213, 7.65900204224073633 45.06505454106427067, 7.65899744949630623 45.06505599140461271, 7.65899261502848461 45.06505067349001337))"
451,techn1,T,"Polygon ((7.65936151513870289 45.06566326099400754, 7.6594256926990365 45.0656415058888058, 7.65940973895522603 45.06561600407104606, 7.65940091605145135 45.06561866302834574, 7.65938979677546072 45.06560222583775044, 7.65933190402329522 45.06562180543242846, 7.65936151513870289 45.06566326099400754))"
452,room7,T,"Polygon ((7.65890370250223551 45.06492590652705132, 7.65889234572434141 45.06491156112339524, 7.65889892070101741 45.06490797477248123, 7.65887919577099119 45.06488107714062608, 7.65881464145454149 45.0649049861467148, 7.65884452771215685 45.06494622918222603, 7.65890370250223551 45.06492590652705132))"
453,laboratory2,T,"Polygon ((7.65901947654031456 45.06491234727948836, 7.65898720646760456 45.06492401043311702, 7.65905658108084531 45.06502057892785729, 7.65908619219625386 45.06501018482204302, 7.65907180965448386 45.06499000091888263, 7.65908510444099377 45.06498528731275854, 7.65907410602669891 45.06497066304760324, 7.65906359105918622 45.06497428889846901, 7.65901947654031456 45.06491234727948836))"
454,corridor_11t,T,"Polygon ((7.65928294641846552 45.06543156880633205, 7.65932163857571879 45.06548527267487003, 7.65931085551550073 45.06548971275849169, 7.65932121571061231 45.06550366730701285, 7.659385491206816 45.06548231261912463, 7.65937639960702565 45.06546793520549699, 7.65936434795148724 45.0654706838286927, 7.65932692438955254 45.06541592279738495, 7.65928294641846552 45.06543156880633205))"
455,room8,T,"Polygon ((7.65913595699939886 45.06514331397963957, 7.65917578092808071 45.06519891035960512, 7.65924101602825047 45.06517615814543376, 7.65920082951448311 45.06512089413513422, 7.65913595699939886 45.06514331397963957))"
456,east_corridor,T,"Polygon ((7.65933432125720692 45.06540516084316295, 7.65935414257527203 45.06539899689668971, 7.65934948939999316 45.06539277251936682, 7.65935311525085982 45.0653911408864758, 7.65936139427700446 45.06540201843908022, 7.65945796277174473 45.06536902319619031, 7.6594896285359777 45.06537675834471912, 7.65950920813065572 45.06540358964112869, 7.65953090280500604 45.0653959753543063, 7.6595356164111319 45.06539174519496527, 7.6595173058642585 45.06536491389854149, 7.65951041674761246 45.0653650347602337, 7.65948950767428283 45.06533590709160819, 7.65944478884693325 45.06535192126626299, 7.65943777886859145 45.06534122500620754, 7.65941263963592078 45.06535041049507839, 7.65942291288004196 45.0653650347602408, 7.65937239269130377 45.06538231798270289, 7.65936949201061079 45.06537748351487949, 7.65934592397997882 45.06538606469526798, 7.6593410895121572 45.06538328487626899, 7.65932453145986791 45.06538981140782596, 7.65933432125720692 45.06540516084316295))"
457,corridor_7t,T,"Polygon ((7.65917157432100648 45.065201741620875, 7.65911987906172342 45.06521950195535453, 7.65913119070332726 45.06523726228984117, 7.65914197376354533 45.06523557082941522, 7.65918447170675876 45.06529582910709308, 7.65917516867441339 45.06529921202795208, 7.65918700889739945 45.06531612663220443, 7.65924240422636515 45.06529561767453629, 7.65917157432100648 45.065201741620875))"
458,corridor_n_hall,T,"Polygon ((7.65945029528440546 45.06557682297047052, 7.65939072416251499 45.06559791336766096, 7.65940245866922353 45.06561577941840824, 7.65941155026901566 45.06561197363244986, 7.65945225103552652 45.06567286620781232, 7.65944506232871447 45.06567476910078796, 7.65945256818435283 45.06568888222371783, 7.65946287552132699 45.06568407213313066, 7.65946625844217976 45.06569009796090342, 7.65950923210864065 45.06567471624266119, 7.65950658920172422 45.06567038187531438, 7.65951578651779297 45.06566699895446249, 7.65950584918778699 45.06565330869666042, 7.65949686330427149 45.06565727305703462, 7.659455792530796 45.06559791336769649, 7.65946488413058812 45.06559336756778578, 7.65945182817042181 45.065576135814716, 7.65945029528440546 45.06557682297047052))"
459,corridor_n_toil,T,"Polygon ((7.65938379974639272 45.06548421551209316, 7.6593238586175314 45.06550345587446316, 7.65933749601722003 45.06552163907403497, 7.65934468472403207 45.06551973618105933, 7.65936255077478556 45.06554574238511179, 7.6593532477424402 45.06554891387341399, 7.65935811069116657 45.06555567971511778, 7.65936910518393788 45.06555398825469183, 7.65938517405798969 45.06557872586342484, 7.65937883108139062 45.06558168591917024, 7.6593891912765022 45.06559669763045406, 7.65945071814951373 45.06557555437512974, 7.6594405693869545 45.06556107124522725, 7.65943200636854638 45.06556403130097266, 7.65939045987182165 45.06550398445583028, 7.6593996571878904 45.06550049581870354, 7.65938961414160868 45.06548696413528887, 7.65938728838352212 45.06548833844688318, 7.65938379974639272 45.06548421551209316))"
460,techn2,T,"Polygon ((7.6592632545802255 45.06564519217052833, 7.65932634438529991 45.06573317948488011, 7.65938991763715649 45.06571118265629394, 7.65934592397997882 45.06565147697869378, 7.65932731127886424 45.06565824523364228, 7.65930869857775054 45.06563020532027508, 7.6592632545802255 45.06564519217052833))"
461,toilets_nw,T,"Polygon ((7.6593237000431289 45.06550847739777765, 7.65926471036075629 45.0655281934833738, 7.65932835155930292 45.06561704801391244, 7.65938638979518505 45.06559749050273922, 7.6593237000431289 45.06550847739777765))"
462,east_toilets,T,"Polygon ((7.65917922548640639 45.06520368439656465, 7.65924521597217112 45.06529457239161474, 7.65930359217112056 45.06527559710541908, 7.65923784340874469 45.06518386307849511, 7.65917922548640639 45.06520368439656465))"
463,corridor_s_hall,T,"Polygon ((7.65889684414705307 45.06480723490539475, 7.65883629514959985 45.06482808744097213, 7.65885009112370607 45.06484706351263014, 7.65885780841190122 45.06484410345688474, 7.65890353070155339 45.0649073746484703, 7.65889470339245282 45.06491207902279683, 7.6589051693038428 45.0649258221387754, 7.65896817620472703 45.06490372743695616, 7.65889684414705307 45.06480723490539475))"
464,west_toilets,T,"Polygon ((7.65890680322464856 45.06493041610295336, 7.6588477018555281 45.06495108345288969, 7.65891647216029181 45.06504438868185503, 7.65897412318906667 45.06502468822547769, 7.65890680322464856 45.06493041610295336))"
465,corridor_lab_1t,T,"Polygon ((7.65897914426842874 45.06502485186079809, 7.65899140735651685 45.06504419793943583, 7.65899923036098951 45.06504060358603425, 7.65904595695526957 45.06510213045904578, 7.65903686535547745 45.06510530194734088, 7.65904680268548255 45.06512115938883767, 7.65911150104679361 45.06509938183585007, 7.6590427854669727 45.06500328574036018, 7.65897914426842874 45.06502485186079809))"
466,corridor_9t,T,"Polygon ((7.6591887003578254 45.065317606660102, 7.65920133345288878 45.06533240693883613, 7.65920979075502029 45.06533050404585339, 7.65925376872610819 45.06539160805375843, 7.65924383139610221 45.06539541383972391, 7.65925461445632116 45.06540894552313148, 7.65925651734930035 45.06540852265802499, 7.65927068333037209 45.06542776302037367, 7.65927829490229062 45.06542543726229155, 7.65928104352548367 45.0654300887784629, 7.65932629009189281 45.06541465420205839, 7.65932185000827381 45.06540894552310306, 7.65933268592662664 45.06540513973715889, 7.65932232573151595 45.06539076232353125, 7.65931830851300255 45.06539203091885071, 7.6593166170525766 45.06538991659331828, 7.65934072036365254 45.06538251645395121, 7.65932972587088123 45.06536602471479114, 7.6592994910157568 45.06537638490992492, 7.65925783880275546 45.06531676092988903, 7.6592646046444619 45.06531401230670042, 7.65924917006807071 45.06529646340477058, 7.6591887003578254 45.065317606660102))"
467,corridor_s_toil,T,"Polygon ((7.65897858925797603 45.06502366255283221, 7.65904207188210862 45.06500257215565597, 7.65898466794388799 45.06492370781327139, 7.65902632015688845 45.06490911896709406, 7.65901252418278222 45.06488993146288635, 7.65890749506193291 45.06492598071322675, 7.65892261248949335 45.06494511535930059, 7.65892916689864656 45.06494215530355518, 7.65894682151684769 45.06496668147971718, 7.65893963281003476 45.06497344732142096, 7.65894470719131437 45.06498127032589451, 7.65895469737945422 45.06497883885153755, 7.65897346201856166 45.06500352360214379, 7.65896659046057859 45.06500727652996119, 7.65897858925797603 45.06502366255283221))"
468,north_hall,T,"Polygon ((7.65942847251803549 45.06570526043321223, 7.65943886662385154 45.06571807177294176, 7.65944793125101775 45.06571505023055124, 7.65948950767428549 45.06577294298271852, 7.65948044304711928 45.06577693141867513, 7.65949011198276253 45.06579107223705449, 7.65952697479990441 45.06577850262070228, 7.65951513035374099 45.06576303232367309, 7.6595603326278745 45.06574756202664389, 7.6595719353506464 45.06576254887689004, 7.65960771041252819 45.06574949581376899, 7.65959659113653846 45.06573571758048047, 7.65958788909445953 45.0657378930910042, 7.65954691697966883 45.06568120895579455, 7.65955670677700784 45.06567709965814572, 7.65954643353288667 45.06566368400994094, 7.65942847251803549 45.06570526043321223))"
469,corridor_lab_5t,T,"Polygon ((7.65921840663157916 45.06506880340311483, 7.65911491039673731 45.0651039012069532, 7.65911184462471439 45.06509988398844513, 7.65904741055409488 45.06512203154840535, 7.6590609950956452 45.06514153620146601, 7.65907093242565029 45.06513730755040115, 7.65911617899205854 45.06520020873499988, 7.65910687595971318 45.0652041202372402, 7.65911639042461267 45.06521786335319746, 7.65917199718613073 45.06519925728850495, 7.65913055640568263 45.06514111333635242, 7.65924377853797722 45.06510337262560739, 7.65921840663157916 45.06506880340311483))"
470,south_hall,T,"Polygon ((7.6587401047310637 45.06474628330980181, 7.65875055926772852 45.06476163274513169, 7.65875926130980744 45.06475897378783202, 7.65880385927546303 45.06482055282170762, 7.65879588240355691 45.06482297005562287, 7.65880675995615601 45.06483735259739376, 7.65892713820491888 45.06479583660497923, 7.65891626065231979 45.06478097061642529, 7.65890671257837141 45.06478423388220733, 7.6588496054272257 45.0647074867055295, 7.65882265326911948 45.06471739736456783, 7.65883510202376172 45.06473347197007229, 7.65878917457945452 45.06475039260745064, 7.65877600065464037 45.06473310938498855, 7.6587401047310637 45.06474628330980181))"
471,1t,T,"Polygon ((7.65873486742250531 45.06474778266463233, 7.65863519675886639 45.06478402654231985, 7.65870088878717414 45.0648735036153596, 7.658805089935524 45.06483839235885114, 7.65873486742250531 45.06474778266463233))"
472,lab_1t,T,"Polygon ((7.6589778204211143 45.06502841639061785, 7.65884930951336784 45.06507264805188839, 7.65891685245557863 45.0651635022750412, 7.65904536336332509 45.06512166151437526, 7.65902982250936493 45.06510193658434815, 7.65898379767263737 45.06511687971315894, 7.65894793416349895 45.06506547535006035, 7.65899097037446452 45.06504993449610197, 7.6589778204211143 45.06502841639061785))"
473,office7,T,"Polygon ((7.65952362088785677 45.06557358161588667, 7.65957383892235644 45.06564703531135052, 7.65968007635273995 45.06560896387724569, 7.65961964550496699 45.06552182259478201, 7.6594554548915692 45.06557926211557685, 7.65946621158247343 45.06559316121056469, 7.65952362088785677 45.06557358161588667))"
474,office8,T,"Polygon ((7.65940076497433164 45.06550070201345903, 7.65945787212548002 45.06548124328048743, 7.65950911748439101 45.06555424374460017, 7.65961644267003372 45.06551689748066991, 7.65955516579039131 45.06542945404394374, 7.6593910960386884 45.0654868029184712, 7.65940076497433164 45.06550070201345903))"
475,office9,T,"Polygon ((7.65933915572502944 45.06541192909811144, 7.65934278157589521 45.06541748873610231, 7.65933843055485575 45.06541942252323452, 7.6593645366810934 45.06545688964884988, 7.65936864597874223 45.06545543930850073, 7.65938774212663809 45.0654813037113513, 7.6595511471390143 45.06542449871444234, 7.65953277616129125 45.06539718397124972, 7.65950667003505359 45.06540588601333042, 7.6594866069935934 45.0653785712701378, 7.65945735846327125 45.06537204473858083, 7.65933915572502944 45.06541192909811144))"
476,9t,T,"Polygon ((7.65918881739987878 45.06532070399008916, 7.65906090421728525 45.06536254475074799, 7.65912605625888698 45.06545280124874608, 7.65925337171632847 45.06540976503778495, 7.65923364678630225 45.06538466058138681, 7.65923842858752124 45.0653834651310774, 7.65921272640597195 45.0653458084464873, 7.65920734687960092 45.0653458084464873, 7.65918881739987878 45.06532070399008916))"
477,7t,T,"Polygon ((7.65911888355705894 45.06522267706510831, 7.65899216582476949 45.06526511555092185, 7.6590567201412183 45.06535656749922936, 7.65918343787350864 45.06531353128826112, 7.6591649083937865 45.06528962228216528, 7.65917028792015753 45.06528723138156067, 7.65914159711284626 45.06524897697180876, 7.65913681531162815 45.06524957469696346, 7.65911888355705894 45.06522267706510831))"
478,lab_5t,T,"Polygon ((7.65904835198908707 45.06512644331559869, 7.65891984108133972 45.06516947952655983, 7.65898618857324642 45.06526152920001493, 7.65911410175584084 45.06521729753874439, 7.65909617000127163 45.06519159535719865, 7.65910095180248973 45.06519039990688924, 7.65907226099517935 45.06515274322229914, 7.65906628374365628 45.06515274322229914, 7.65904835198908707 45.06512644331559869))"
479,11t,T,"Polygon ((7.65925627481730942 45.06541507150216574, 7.65912864486681411 45.06545713137221298, 7.65919487707597302 45.06554801936726307, 7.65931960634577447 45.06550402571008362, 7.65930752017622041 45.06548855541305443, 7.6593191228989923 45.06548420439201408, 7.65927790906081185 45.06542812456527258, 7.6592689652953414 45.06543144826189717, 7.65925627481730942 45.06541507150216574))"
480,4t,T,"Polygon ((7.65942252793444034 45.06524060881973526, 7.65925636034209756 45.06529858815950718, 7.65927548754697174 45.06532279602817681, 7.65927010802060071 45.06532429034105292, 7.65929760337760701 45.06536284361337863, 7.65930208631624954 45.06536134930049542, 7.65930836243034907 45.06537031517778047, 7.65932838622295087 45.06536374020110713, 7.65932629418491828 45.06536105043792162, 7.65942970063626749 45.06532518692878142, 7.65944434490249915 45.06534610730911794, 7.65948618566316064 45.06533116418030716, 7.65942252793444034 45.06524060881973526))"
481,2t,T,"Polygon ((7.65886202751542911 45.06470407345362617, 7.65888136296609545 45.06473079618860567, 7.65887850039583196 45.064732704568776, 7.65890467442803935 45.06476859057782747, 7.65890795495977805 45.06476859057782747, 7.65892763815021382 45.0647948348317442, 7.65906651399383964 45.06474672036623019, 7.65899980984847595 45.06465267845637612, 7.65886202751542911 45.06470407345362617))"
482,study_room2,T,"Polygon ((7.65907181270131687 45.06475122135124423, 7.65894838245736498 45.06479395869963156, 7.6589681073873912 45.06482085633148671, 7.65896362444874867 45.06482205178179612, 7.65899231525605906 45.06486120277926943, 7.65899530388182104 45.06486090391669563, 7.65908556037981825 45.06498523074836982, 7.65920884119248058 45.06494324055643119, 7.65907181270131687 45.06475122135124423))"
496,didactic_lab,N,"Polygon ((7.65683792510827654 45.06491688375189142, 7.65687294531774754 45.06496629582828461, 7.65693330393531646 45.06494754278958226, 7.65693051278537062 45.06494387940528412, 7.65693892984692503 45.06494130631392636, 7.65694128487969117 45.06494488247479069, 7.65694390158276494 45.06494396662871793, 7.65690866331470588 45.06489376954141335, 7.65683792510827654 45.06491688375189142))"
497,2n,N,"Polygon ((7.65667529701222183 45.06503081936489963, 7.65680342823940308 45.06498825432822741, 7.65673500145402297 45.0648912182558874, 7.65660713189715114 45.06493605110188128, 7.65667529701222183 45.06503081936489963))"
498,3n,N,"Polygon ((7.65676858247681746 45.06481958600925708, 7.6568366167567401 45.06491492122460585, 7.65696562021827631 45.06487383898634391, 7.65696492243078985 45.06487174562388276, 7.65697730815867228 45.06486808223957752, 7.65691128001777788 45.06477492761013792, 7.65687735010125436 45.0647863538802298, 7.65687543118566705 45.06478338828340924, 7.65676858247681746 45.06481958600925708))"
499,4n,N,"Polygon ((7.65660586715733071 45.0649340231569937, 7.65673323517944659 45.0648894955930146, 7.65666557159913008 45.06479518525308947, 7.65653809454772016 45.06484232952013258, 7.65660586715733071 45.0649340231569937))"
500,office_s_big,N,"Polygon ((7.65664701481321242 45.06462086921658994, 7.65671494006383746 45.06471398023430197, 7.65677065403345036 45.0646941805143797, 7.65677841691923522 45.06467677943891914, 7.65671849441884333 45.06459348105774865, 7.65664701481321242 45.06462086921658994))"
501,conference_room,N,"Polygon ((7.65671908317703664 45.06459345925188842, 7.65675135584828048 45.06463746347525046, 7.65679993930201697 45.06462041129354645, 7.65679112973500242 45.06460758944849232, 7.65678729190382779 45.06460872335315315, 7.65676365435272643 45.06457671235222051, 7.65671908317703664 45.06459345925188842))"
502,office_s_e,N,"Polygon ((7.6567523153060737 45.06463837932132321, 7.65677617091576224 45.06467165506207806, 7.65682135265550379 45.06465595484361586, 7.65680002652545344 45.06462642971062138, 7.65679191474592447 45.06462926447228767, 7.6567887310905185 45.0646253394176739, 7.6567523153060737 45.06463837932132321))"
503,office_ne,N,"Polygon ((7.65678790246787688 45.06466873307697085, 7.65681136557210618 45.06470165992398336, 7.65684538271206527 45.06468979753671533, 7.65683552646382104 45.06467640873933078, 7.65682767635459882 45.0646791126658286, 7.65682375129998771 45.06467379203624546, 7.65683011861080054 45.06467152422691669, 7.65682017513911983 45.06465756847718751, 7.65678790246787688 45.06466873307697085))"
504,office_n,N,"Polygon ((7.65678655050462353 45.0646691691941399, 7.65677704315012164 45.06467270174329087, 7.65678013958209291 45.06467693207992653, 7.65677167890882071 45.06469520538973228, 7.6567157686864773 45.06471496149792699, 7.65673853400322191 45.06474644915824967, 7.65675876984032566 45.06473920961308011, 7.65674839025146614 45.06472377106494065, 7.65681014444400621 45.06470196520599103, 7.65678655050462353 45.0646691691941399))"
505,5n,N,"Polygon ((7.65669867289302797 45.06472278980137247, 7.65673225391580825 45.06476956336881301, 7.65686025430783435 45.06472420718222338, 7.65685929485004024 45.06472337855958443, 7.65686731940613363 45.06472036935104342, 7.65686526965539205 45.06471792709484703, 7.6568694563803108 45.06471605179097395, 7.65686243489372931 45.06470580303726337, 7.65685837900396482 45.06470763472941599, 7.65683530840519921 45.06467566734018249, 7.65682710940223465 45.06467845849012832, 7.65682571382726174 45.06467680124485042, 7.65669867289302797 45.06472278980137247))"
506,8n,N,"Polygon ((7.65650213668635793 45.06479287383199761, 7.65660702286790151 45.06475366689759454, 7.6565965996673242 45.06473918780724119, 7.65660165862660058 45.06473709444478004, 7.65654147445590461 45.06465383967533, 7.65644038249382142 45.06469230521052793, 7.65644212696253756 45.0646945730198567, 7.65643253238460009 45.06469806195728722, 7.65650213668635793 45.06479287383199761))"
507,archive1,N,"Polygon ((7.65675161751859346 45.06472481774617478, 7.65676129931996652 45.0647399946240057, 7.65678432630701522 45.06473179562104292, 7.6567739467181557 45.06471722930726287, 7.65675161751859346 45.06472481774617478))"
508,7n,N,"Polygon ((7.65662649549990437 45.0646233332787105, 7.65669732092977107 45.06472082727407269, 7.65682431825228349 45.06467516580541854, 7.65682300990074705 45.06467359578357446, 7.65683129612714719 45.06467054296332009, 7.65680800746979084 45.06463901169129116, 7.65681311004078502 45.0646373108342928, 7.65680377713315519 45.06462461982438583, 7.65680081153633818 45.06462557928217905, 7.65676518076281454 45.06457616720581427, 7.65675545534972368 45.06457956891979677, 7.65675214085916434 45.06457512052457304, 7.65662649549990437 45.0646233332787105))"
509,office_e_c,N,"Polygon ((7.65683984402389761 45.06473567706394334, 7.65687224753029749 45.06478146936772333, 7.65690748579835834 45.06476978142732293, 7.65687530035055008 45.06472451246414579, 7.6568631762929753 45.06472913530624425, 7.65686256572892443 45.0647279141781425, 7.65683984402389761 45.06473567706394334))"
510,6n,N,"Polygon ((7.65650285627966376 45.064793157308209, 7.65662957012601542 45.06474592581771788, 7.6565593552601996 45.06464963114460431, 7.65643255419041768 45.06469823640419747, 7.65650285627966376 45.064793157308209))"
511,office_e_s,N,"Polygon ((7.65684708356907162 45.06469176006400801, 7.65677503701110584 45.06471682589884864, 7.65679797677471985 45.06474857522947275, 7.65686197697073023 45.06472675846762144, 7.65686005805514291 45.06472422898798413, 7.65686786455264645 45.06472139422632495, 7.65684708356907162 45.06469176006400801))"
512,suppor_lab,N,"Polygon ((7.65691036417170423 45.06489372592967868, 7.65694560243976596 45.06494422829898383, 7.65700286462536361 45.0649261294360528, 7.65699968096995764 45.06492181187599755, 7.65700809803151117 45.06491888989089745, 7.65697652314775645 45.06487444955035926, 7.65696823692135364 45.06487719708859885, 7.6569674519104316 45.06487575790190903, 7.65691036417170423 45.06489372592967868))"
513,office_e_w,N,"Polygon ((7.65679880539736146 45.06474986177514808, 7.65683369477168085 45.06479896856947676, 7.65687329421152985 45.06478564518966579, 7.65683836122549533 45.06473590602543311, 7.65679880539736146 45.06474986177514808))"
514,office_e_e,N,"Polygon ((7.65687578007945202 45.06472325862722528, 7.6569097536076951 45.06477114429347353, 7.65694555882808814 45.0647592819062055, 7.65691145446469257 45.06471117818134786, 7.65687578007945202 45.06472325862722528))"
515,office_n_s,N,"Polygon ((7.65679880539737034 45.06483150291102646, 7.65680621938941197 45.06484118471239952, 7.65686867136944027 45.06482051275811784, 7.65689553618766627 45.06485923996361009, 7.65691420200292505 45.06485330876998319, 7.65690853247959868 45.06484563310763036, 7.6569515336334435 45.06483185180479012, 7.6569220085004277 45.0647912492954319, 7.65679880539737034 45.06483150291102646))"
516,s_video1,N,"Polygon ((7.65661775135049538 45.06487019740779942, 7.65667658355793801 45.06484935100665012, 7.65664308975859598 45.06480303536223886, 7.65658443199802452 45.06482427426887938, 7.65661775135049538 45.06487019740779942))"
517,service_w,N,"Polygon ((7.65665072180922301 45.06491559720612372, 7.65671046986274018 45.06489597193308327, 7.6566772813454218 45.06485031046442913, 7.6566181874676742 45.06487085158356365, 7.65665072180922301 45.06491559720612372))"
518,s_video2,N,"Polygon ((7.65667867692043558 45.06491153041336872, 7.65674976402060814 45.0650094823317815, 7.65678945068389361 45.06499735827419784, 7.65672778371478735 45.0649121409774196, 7.65672167807428128 45.06491414711644694, 7.65671243239008703 45.06490001691984304, 7.65667867692043558 45.06491153041336872))"
519,stairs_e_s,N,"Polygon ((7.65684422700157441 45.06463791049527856, 7.65688626869762601 45.06469617575038455, 7.65690162002232544 45.06469094234424233, 7.65685940387940178 45.06463232819538689, 7.65684422700157441 45.06463791049527856))"
520,balcony_e_s,N,"Polygon ((7.65678814233235627 45.06460127665225457, 7.65687379574630622 45.06472051108896437, 7.65691165071744173 45.06470716590328607, 7.65690153279888808 45.06469286125982876, 7.65688496034608779 45.06469879245346988, 7.65681012263817617 45.06459360098990885, 7.65678814233235627 45.06460127665225457))"
521,balcony_e_n,N,"Polygon ((7.65695271114982301 45.06475971802336744, 7.65691114918266891 45.06477288876216392, 7.65699680259661708 45.06489421656136329, 7.65701834678525817 45.06488706423962753, 7.65694307296017218 45.06478100054171421, 7.65696261100978948 45.06477454600746313, 7.65695271114982301 45.06475971802336744))"
522,stairs_e_n,N,"Polygon ((7.65694584230427289 45.0647806952596568, 7.65698832011750241 45.06484114110065775, 7.65700349699533067 45.06483608214138314, 7.6569612808524079 45.06477589797068362, 7.65694584230427289 45.0647806952596568))"
523,office_n_c,N,"Polygon ((7.65692567188473205 45.0648405305366424, 7.65693177752523724 45.06484864231617138, 7.65689592869312641 45.06485989413938853, 7.65692035125514892 45.06489434739652467, 7.65696904373818032 45.0648787344015247, 7.6569662089765167 45.06487435142387454, 7.65697863831611869 45.06487016469896645, 7.6569517298861749 45.06483226611611315, 7.65692567188473205 45.0648405305366424))"
524,office_n_n,N,"Polygon ((7.6569210708484956 45.06489497976642866, 7.6569535615783284 45.06494120818741322, 7.65700245031409121 45.064926118533009, 7.65700170891488696 45.06492515907521579, 7.65700977708269814 45.0649219318080867, 7.65698727343626206 45.06489022608918305, 7.65699137293774434 45.06488865606733896, 7.65698195280667893 45.0648757469988368, 7.6569210708484956 45.06489497976642866))"
525,didactic_lab,N,"Polygon ((7.65689403158340109 45.06496541269083167, 7.65693306407091789 45.06495363752700456, 7.65693219183656026 45.06495219834031474, 7.65693607327945269 45.06495054109502973, 7.65693350018809671 45.06494709576931967, 7.65694933124169541 45.06494234209207406, 7.65691158529985572 45.06488898315523528, 7.65685314559787411 45.06490738730018109, 7.65689403158340109 45.06496541269083167))"
526,s_video3,N,"Polygon ((7.65685196808149016 45.06490575186074921, 7.65691049500690912 45.06488745674509744, 7.6568657275784906 45.06482376183111427, 7.65680750593509885 45.06484301640455925, 7.65685196808149016 45.06490575186074921))"
527,s_video4,N,"Polygon ((7.65663188154708951 45.06497024268867335, 7.65670061361449594 45.06494691041958589, 7.65667540604155139 45.06491236993900884, 7.65660671758586542 45.06493596387838352, 7.65663188154708951 45.06497024268867335))"
528,s_video5,N,"Polygon ((7.65671605216263096 45.06496897794883694, 7.65670174751916033 45.06494909100547375, 7.65663318989862685 45.06497246688626745, 7.656647407318661 45.06499226660619684, 7.65671605216263096 45.06496897794883694))"
529,s_video6,N,"Polygon ((7.65667540604154961 45.06503103742338823, 7.65673585188255323 45.06501132492690687, 7.65673340962635063 45.06500801043634397, 7.65674195752305842 45.06500530650983904, 7.6567174477376021 45.06497094047613672, 7.65664836677645244 45.06499383662802671, 7.65667540604154961 45.06503103742338823))"
530,corridor_n,N,"Polygon ((7.65680687356513712 45.0649906311668289, 7.65686810441706633 45.06497248869214189, 7.65684237350350649 45.06493393593351016, 7.65684664745185994 45.06493236591166607, 7.65682510326321886 45.06490148881539426, 7.65682065486799335 45.06490270994349601, 7.65672941915415439 45.0647734448116708, 7.65666801385535578 45.06479559956436987, 7.65680687356513712 45.0649906311668289))"
531,corridor_e,N,"Polygon ((7.65692046028445539 45.06478871981575196, 7.65691182516431201 45.06477520018320604, 7.65683384741271311 45.06480189055457686, 7.65683192849712579 45.06479840161714634, 7.65678570007615455 45.06481410183558722, 7.65679721356967935 45.06482910426654342, 7.65692046028445539 45.06478871981575196))"
532,corridor_s,N,"Polygon ((7.65666949665376606 45.06479167450974188, 7.6567302913885138 45.06476882196956524, 7.65662614660617802 45.06462494691223242, 7.65656138320510227 45.06464967475627503, 7.65666949665376606 45.06479167450974188))"
533,corridor_n,N,"Polygon ((7.65679075903543005 45.06499709660389641, 7.65689106598659208 45.06496639395448511, 7.65682931179405113 45.0648788216249514, 7.65673092375847641 45.06490917538062035, 7.65679075903543005 45.06499709660389641))"
534,corridor_e,N,"Polygon ((7.65673151251661466 45.06477444788119868, 7.65676225877773398 45.0648179723756428, 7.65687346865836993 45.06477811126549682, 7.65687468978647079 45.06477933239359857, 7.65690678801084257 45.06476851668755756, 7.65687573646770137 45.06472473052280492, 7.65686369963356217 45.06472926614146246, 7.65686108293048839 45.06472630054464901, 7.65684189377461344 45.06473310397264243, 7.65684346379645753 45.06473589512258826, 7.65673151251661466 45.06477444788119868))"
535,corridor_cen_n,N,"Polygon ((7.65672185252115334 45.06491074540246444, 7.65682843955969261 45.06487777494373859, 7.65678447894805281 45.06481410183559433, 7.65667858969700088 45.06484934010366317, 7.65672185252115334 45.06491074540246444))"
536,corridor_c_s,N,"Polygon ((7.65667797913294734 45.06484864231617138, 7.65683070736902138 45.0647971804890588, 7.6567850022886681 45.06473254792312844, 7.65663393129787462 45.06478828369859713, 7.65667797913294734 45.06484864231617138))"
537,corridor_s,N,"Polygon ((7.65664073472586626 45.06478444586743137, 7.65673633161149514 45.06474938204624436, 7.65664160696022478 45.064617325764452, 7.65654391671213652 45.06465518073558485, 7.65664073472586626 45.06478444586743137))"
538,toilet1,N,"Polygon ((7.65653733134265835 45.06484025796353166, 7.65666836274907947 45.06479211062696777, 7.65665231363689447 45.06476982503913575, 7.65665008943928171 45.06477078449692897, 7.65663295003414657 45.06474758306300288, 7.65650405560190261 45.06479520705892838, 7.65653733134265835 45.06484025796353166))"
539,toilet2,N,"Polygon ((7.65653615382631525 45.06483932031154893, 7.65664112723129353 45.06480059310606379, 7.65662411866131354 45.06477756611900531, 7.65663161987679164 45.06477460052218476, 7.65661775135049982 45.06475623998896651, 7.65659777718370371 45.06476487510911255, 7.65659463714001465 45.06476099366621924, 7.65650370670819935 45.06479509802959882, 7.65653615382631525 45.06483932031154893))"
540,outside_se,N,"Polygon ((7.65676417769332307 45.0645672922211844, 7.65689169835645256 45.06474627471143179, 7.65693879901178054 45.06473109783360087, 7.65680534715501704 45.06455124310899407, 7.65676417769332307 45.0645672922211844))"
541,outside_e,N,"Polygon ((7.65689198183261599 45.06474664541103436, 7.65698221447694571 45.06487263966403134, 7.65697767885828462 45.06487359912182455, 7.65701413825444632 45.06492759042857443, 7.65706193669726076 45.06491328578510291, 7.65693916971138133 45.064731512144931, 7.65689198183261599 45.06474664541103436))"
542,outside_hall_n,N,"Polygon ((7.65667623466418501 45.06503190965779737, 7.65669367935134382 45.0650554599854587, 7.65679887081491017 45.06502179173924816, 7.65682730565497849 45.0650638334352891, 7.65710781622448788 45.06497940114943646, 7.65706350671910485 45.06491363467885947, 7.65667623466418501 45.06503190965779737))"
543,outside_nn,N,"Polygon ((7.65682800344246584 45.06506444399932576, 7.6568726618415921 45.06513073381053402, 7.65715160238925829 45.06504263814036904, 7.65710938624633286 45.06498088394781121, 7.65682800344246584 45.06506444399932576))"
559,warehouse_ne,M,"Polygon ((7.65663615549554155 45.06450888522780218, 7.65662839260975669 45.0644981567452021, 7.65666097056302508 45.06448476794781755, 7.65663510881431186 45.06444918078600637, 7.65652952484528626 45.06449122248206152, 7.65656271336260552 45.06453697117412105, 7.65663615549554155 45.06450888522780218))"
560,bar_room,M,"Polygon ((7.65639794829238785 45.06429745561940337, 7.65643370990106398 45.06434708575437753, 7.65654169251457439 45.06430391015367576, 7.65650619257620768 45.06425436724214961, 7.65639794829238785 45.06429745561940337))"
561,warehouse_se,M,"Polygon ((7.65636401837586167 45.06425022412894066, 7.65646576451371619 45.06420935994925259, 7.65646284252861697 45.06420530405949165, 7.65646916622771201 45.06420299263844242, 7.65643562881665041 45.06415632810029592, 7.65632734092111189 45.06419884952523347, 7.65636401837586167 45.06425022412894066))"
562,corridor_n,M,"Polygon ((7.65657553520766854 45.06464076706271271, 7.65657815191074231 45.06464268597829914, 7.6566157452115684 45.06463570810342389, 7.65661469853033871 45.06463413808157981, 7.65661748968028455 45.06463361474096274, 7.65660375198914966 45.0646144691968189, 7.65653009179762112 45.06459589060497706, 7.6565261667430109 45.06459754785026206, 7.65651753162286752 45.0645962394987194, 7.6565047097778054 45.06461630088895731, 7.6565091581730309 45.0646162136655164, 7.65653532520376867 45.06460731687506893, 7.65659045041519182 45.064621970412297, 7.65657553520766854 45.06464076706271271))"
563,support_s,M,"Polygon ((7.65625993901112789 45.06422490752662213, 7.6563134505889856 45.0642038866785839, 7.65626676424497887 45.06413838187829413, 7.65621360156086439 45.06415944633801729, 7.65625993901112789 45.06422490752662213))"
564,stairs_n,M,"Polygon ((7.65650396837860026 45.06461617005380305, 7.65651583076586917 45.06459593421669751, 7.65645529770142907 45.06458599074501592, 7.65644430754851957 45.06460779660396554, 7.65650396837860026 45.06461617005380305))"
565,office1,M,"Polygon ((7.65643933581262726 45.06454475586583897, 7.65645974609660307 45.06457127179032085, 7.65649428657717657 45.06455853716869342, 7.65647422518694487 45.06453184679734392, 7.65643933581262726 45.06454475586583897))"
566,support_center,M,"Polygon ((7.65629334558703878 45.06427205179365103, 7.65633050277068694 45.06425774715017951, 7.65630991803983996 45.0642293123101183, 7.65627354586711473 45.06424300638956026, 7.65629334558703878 45.06427205179365103))"
567,1M,M,"Polygon ((7.65649771009705482 45.06444497225525936, 7.65656173209892632 45.06453271903164648, 7.65668942720892787 45.06448596727006617, 7.65662505631331225 45.06439717381243781, 7.65649771009705482 45.06444497225525936))"
568,office_s,M,"Polygon ((7.65634873246876602 45.06434793618281276, 7.65638475574774802 45.06433415487995831, 7.65636425824033751 45.0643058072633238, 7.65632823496135462 45.06431985023648679, 7.65634873246876602 45.06434793618281276))"
569,corridor_central,M,"Polygon ((7.6563776470377265 45.06438718672892207, 7.65641524033855436 45.06437327459091335, 7.65638715439223105 45.06433480905572964, 7.656349648314837 45.06434911369921537, 7.6563776470377265 45.06438718672892207))"
570,office2,M,"Polygon ((7.65633850552085082 45.06456202610612394, 7.65636981873430145 45.06460520170684703, 7.65642939234094566 45.06458330862445649, 7.65639799190406123 45.06454039469404904, 7.65633850552085082 45.06456202610612394))"
571,office_cen_s,M,"Polygon ((7.65641127167222635 45.06443411293741264, 7.65644781829182453 45.064420113575963, 7.65641510950340187 45.06437549878855719, 7.65637834482521562 45.06438845146875849, 7.65641127167222635 45.06443411293741264))"
572,2M,M,"Polygon ((7.65627129986357247 45.06446926398215425, 7.65633658660526351 45.06456006357878152, 7.65646122889501157 45.06451470739219189, 7.65639550603614172 45.06442443113615326, 7.65627129986357247 45.06446926398215425))"
573,office_cen_c,M,"Polygon ((7.65641210029486441 45.06443511600692631, 7.65642919608827999 45.0644575324299268, 7.65646495769695523 45.06444436169111611, 7.65644847246759053 45.06442168359780709, 7.65641210029486441 45.06443511600692631))"
574,office_cen_n,M,"Polygon ((7.65648667633246927 45.0645387810603637, 7.65652679911293355 45.06452517420438397, 7.65646857746953913 45.06444462336143886, 7.65642915247656131 45.06445932051037317, 7.65648667633246927 45.0645387810603637))"
575,corridor_n,M,"Polygon ((7.65649677244515292 45.06455906050916127, 7.65652701717151984 45.06460031719428372, 7.65652091153101377 45.0646101734425244, 7.65653591396196997 45.06461322626277877, 7.65656447963719256 45.0646530437612256, 7.65658576215552422 45.06464558615746796, 7.65651694286468398 45.06455264958661644, 7.65649677244515292 45.06455906050916127))"
576,office_n_s,M,"Polygon ((7.65651977762634672 45.06455121039992662, 7.65655497228269155 45.06460027358257037, 7.6565943100522329 45.06458649227970881, 7.65655990040681189 45.0645376907673878, 7.65651977762634672 45.06455121039992662))"
577,office_n_n,M,"Polygon ((7.65655567007017801 45.06460097137005505, 7.65658981804529137 45.06464789757852429, 7.6566256668774022 45.06463511934519062, 7.65662357351494283 45.06463263347727377, 7.65662714967581071 45.06463132512573821, 7.65659526951002878 45.0645871900672077, 7.65655567007017801 45.06460097137005505))"
578,4M,M,"Polygon ((7.65623636687753795 45.06442159637447276, 7.65626981706516663 45.06446703978451751, 7.65639450296663249 45.06442277389085405, 7.65636127083759543 45.06437680714018512, 7.65623636687753795 45.06442159637447276))"
579,corridor_s,M,"Polygon ((7.65621246765619912 45.06415853049193743, 7.6562660228457764 45.06413724797360487, 7.65626113833337207 45.06413079343935379, 7.65626584839890434 45.06412861285345883, 7.65624953761641081 45.06410541141953274, 7.65624465310400648 45.06410724311168536, 7.65624317030559798 45.06410453918517334, 7.65624726980708026 45.06410296916332925, 7.65621421212491349 45.06405656629549128, 7.65619606965027 45.06406345694693272, 7.65620217529077518 45.06407270263112252, 7.65616414587277117 45.06408805395582107, 7.65615821467913715 45.0640791571653736, 7.65615193459175902 45.06408125052781344, 7.65618490505049021 45.06412704283161474, 7.65618961511602247 45.06412564725663827, 7.65619135958473862 45.06412791506597415, 7.65618682396607753 45.06412965953468586, 7.65620304752513459 45.06415286096860484, 7.65620775759066774 45.0641516398405102, 7.65621246765619912 45.06415853049193743))"
580,stairs_s,M,"Polygon ((7.65619563353309118 45.06406380584065374, 7.65617278099291454 45.06407287707797593, 7.65615359183704047 45.0640459250363179, 7.65613885107638925 45.06405203067681953, 7.65616432031964145 45.06408766145034406, 7.65620182639703284 45.06407274624282167, 7.65619563353309118 45.06406380584065374))"
581,"Multifunction local",M,"Polygon ((7.65620169556181107 45.0643733182027546, 7.65623497130256503 45.06442011357604827, 7.65635972262160802 45.06437480100117199, 7.65632629423984135 45.06432850716262095, 7.65620169556181107 45.0643733182027546))"
582,stairs_nw,M,"Polygon ((7.65640036874274887 45.06453520489947095, 7.65643133306245716 45.06457916551111254, 7.65645584284791525 45.06457044316753269, 7.65642479130477138 45.06452630810902349, 7.65640036874274887 45.06453520489947095))"
583,tbd1,M,"Polygon ((7.656442235991892 45.06437065788798435, 7.65646142514776606 45.06439734825934096, 7.65648741773163266 45.06438792812826932, 7.6564767764724655 45.06437327459105546, 7.65646351851022544 45.06437850799720479, 7.65645427282603119 45.06436629671619443, 7.656442235991892 45.06437065788798435))"
584,service_nw,M,"Polygon ((7.6563725444667341 45.06460079692322296, 7.65642923969999956 45.06457986329863274, 7.65639871149747187 45.06453642602760823, 7.65634166737046318 45.06455718520532372, 7.6563725444667341 45.06460079692322296))"
585,service_ne,M,"Polygon ((7.6564260996563096 45.06452613366216298, 7.65645754370491449 45.06456974538006222, 7.65648467019344459 45.06456001996698291, 7.65645374948545587 45.06451601574361376, 7.6564260996563096 45.06452613366216298))"
586,tbd2,M,"Polygon ((7.65647311308816203 45.06436594782245209, 7.65648863885973352 45.06438740478765936, 7.65652457491527993 45.06437327459105546, 7.65650939803745256 45.06435234096646525, 7.65647311308816203 45.06436594782245209))"
587,stairs_ext_s,M,"Polygon ((7.65599525949521542 45.06409745228100405, 7.6560101637998077 45.06409129212586606, 7.65600336037181517 45.06408265700572002, 7.65604910906388714 45.06406481981309042, 7.65604213118902521 45.06405513801173868, 7.65598107478396983 45.06407903723314234, 7.65599525949521542 45.06409745228100405))"
588,LAIB2B,M,"Polygon ((7.65616357892037502 45.06431926147841693, 7.65628778509294339 45.06427451585588528, 7.65619367100572301 45.06414359347876797, 7.65615241432059523 45.06415929369720175, 7.65614194750830013 45.06414490183029642, 7.65610217362157819 45.06415920647378215, 7.65611874607437848 45.06418205901395879, 7.65607583214396659 45.06419723589177551, 7.65616357892037502 45.06431926147841693))"
589,corridor_s_s,M,"Polygon ((7.65599554297138152 45.0640979538157751, 7.65601865718186581 45.06413035732215633, 7.65615579422879122 45.06407627879197264, 7.65613843676506978 45.06405198706510618, 7.65615387531320479 45.06404535808396616, 7.65617166889410683 45.06407030398660396, 7.65620446490596507 45.06405704602435947, 7.65618135069547989 45.0640248605765521, 7.65599554297138152 45.0640979538157751))"
590,technical,M,"Polygon ((7.6560592596911663 45.06417525558594406, 7.65607478546273779 45.06419741033863602, 7.6561167399353538 45.06418205901393748, 7.65610060359973232 45.06415981703781171, 7.6560592596911663 45.06417525558594406))"
591,stairs_central,M,"Polygon ((7.65631262196635021 45.06429045593862526, 7.65632622882233349 45.06428539697935065, 7.65632291433177326 45.06428086136069311, 7.6563407079126744 45.0642733601452079, 7.65633407893155393 45.06426359112040103, 7.65630232960092538 45.0642758024014114, 7.65631262196635021 45.06429045593862526))"
592,tbd3,M,"Polygon ((7.65651081541827949 45.06435166498481948, 7.65652607951954423 45.06437277305628442, 7.65658927289877944 45.06434843771769749, 7.65657389976821889 45.06432763492825444, 7.65651081541827949 45.06435166498481948))"
593,tbd4,M,"Polygon ((7.65646386740396867 45.06437728686910305, 7.65647433421626378 45.06437344903793019, 7.65646072736027961 45.06435373654144172, 7.65644031707630468 45.06434885202903473, 7.65642915247652311 45.06435286430708231, 7.65644136375753348 45.06436961120675733, 7.65645584284787528 45.06436490114122506, 7.65646386740396867 45.06437728686910305))"
594,maintenance,M,"Polygon ((7.6561306956850812 45.06412806770717339, 7.65615258876746463 45.06415850868626904, 7.65619323488854508 45.06414350625530574, 7.65617142902959724 45.06411254193560012, 7.6561306956850812 45.06412806770717339))"
595,3M,M,"Polygon ((7.65639131931123895 45.06430033399286117, 7.65642882538863123 45.06435214471371609, 7.65644042610559161 45.06434743464818382, 7.65646336586920473 45.06435240638402462, 7.65647230627137265 45.064364704888483, 7.65657374712720085 45.06432628296499843, 7.65652307031100676 45.06425545753513262, 7.65652010471418976 45.06425598087574969, 7.65651809857516596 45.06425284083206151, 7.65639131931123895 45.06430033399286117))"
596,LAIB1B,M,"Polygon ((7.6561402030395822 45.0641431573615705, 7.65612947455697945 45.06412806770718049, 7.65617108013585401 45.06411219304186488, 7.65614848926598235 45.06408079260499022, 7.65614552366916534 45.06408253707370193, 7.65612354336334544 45.06405183442430484, 7.65600535560784934 45.06409963286710507, 7.65605795133963341 45.06417359834065195, 7.6561402030395822 45.0641431573615705))"
597,5M,M,"Polygon ((7.65628612784766993 45.06415336250354642, 7.65635695327753396 45.06425340778440614, 7.65648517172814813 45.06420421376662233, 7.65641452074515882 45.06410495349669532, 7.65628612784766993 45.06415336250354642))"
598,LAIB3B,M,"Polygon ((7.65621390684283121 45.06405558503203679, 7.65628420893208439 45.06415118191765856, 7.6564122529358265 45.0641023367936242, 7.65634334642154979 45.06400604212051775, 7.65621390684283121 45.06405558503203679))"
599,stairs_ese,M,"Polygon ((7.65642112792042884 45.06422953036878454, 7.65642828024216371 45.06423738047800498, 7.65648733050819708 45.06421618518309202, 7.65648070152707749 45.06420728839264456, 7.65642112792042884 45.06422953036878454))"
600,stairs_ene,M,"Polygon ((7.65644834163239629 45.06426598976494802, 7.65645479616664471 45.06427558434288017, 7.65651323586862631 45.0642534295901882, 7.65650747912186347 45.06424435835286602, 7.65644834163239629 45.06426598976494802))"
601,stairs_nw,M,"Polygon ((7.65645573381855638 45.06458540198693186, 7.65644404587815952 45.06460773118649854, 7.6565045789426005 45.06461732576443069, 7.65651644132986764 45.06459464767112877, 7.65645573381855638 45.06458540198693186))"
602,corridor_mn,M,"Polygon ((7.65655388198970677 45.06463546823903243, 7.65661633396973418 45.06461122012387932, 7.65655789426775257 45.06453673130970117, 7.65649901844859215 45.06455975829676674, 7.65655388198970677 45.06463546823903243))"
603,corridor_cen_s,M,"Polygon ((7.65629507915282126 45.06421231464303645, 7.65630676709321811 45.06422906154270436, 7.65631060492439275 45.06422836375521968, 7.65633275967708382 45.06425906640461676, 7.65633136410211179 45.0642594152983591, 7.65634156924410014 45.06427337104806696, 7.65634087145661457 45.06427441772930109, 7.65636293898586917 45.06430529482558001, 7.65638073256677121 45.06429849139758659, 7.65634706432055534 45.06425104184851449, 7.65631396302667255 45.0642041592517657, 7.65629507915282126 45.06421231464303645))"
604,corridor_n,M,"Polygon ((7.65650460074848205 45.06455435044374269, 7.65654297906023018 45.06453952245965411, 7.65652326656374083 45.06451405321639925, 7.65654062402746405 45.06450681367122968, 7.65653015721516894 45.06449303236838233, 7.65651227641083132 45.06450018469011809, 7.65649709953300395 45.06447698325619911, 7.65651105528273046 45.06446686533764279, 7.65649640174551749 45.06444645505366964, 7.65647843371774428 45.06445343292853067, 7.65644092764035289 45.06440214554828572, 7.65639435032563931 45.06441976468232014, 7.65640952720346757 45.06444034941316801, 7.6564128416940278 45.06443895383819154, 7.65645505783695146 45.06449721909330464, 7.6564519177932624 45.06449896356201634, 7.6564613379243287 45.06451169818364377, 7.65647006026790766 45.06450873258682321, 7.65647407254595347 45.06451291931175263, 7.65642784412498401 45.06452879397706823, 7.65643831093727911 45.06454344751427499, 7.65647494478031199 45.06453071289265466, 7.65649605285177337 45.06455844994523119, 7.65650460074848205 45.06455435044374269))"
605,corr_cen_c,M,"Polygon ((7.65647515193601969 45.06445034739934385, 7.656487537663903 45.06444480871116554, 7.65655081826657025 45.06453303521647769, 7.65653821448009797 45.0645373963882534, 7.65647515193601969 45.06445034739934385))"
606,corridor_ne,M,"Polygon ((7.65643063527493162 45.06458287250723771, 7.65645837232751436 45.06457223124807143, 7.65642644855001375 45.06453018955202339, 7.65639958373178953 45.06454013302370498, 7.65643063527493162 45.06458287250723771))"
607,corr_n,M,"Polygon ((7.65649861504024809 45.06455558247463244, 7.65651771697268746 45.06454934599896944, 7.65651457692899839 45.06454472315687099, 7.65653712418715049 45.0645369166593639, 7.65652909963105888 45.06452557761269873, 7.65648753766390833 45.06454031837334639, 7.65649861504024809 45.06455558247463244))"
608,corridor_central,M,"Polygon ((7.65639609479435812 45.06441714797922771, 7.65645784898689907 45.06439499322653575, 7.6564142372690025 45.06433411126835153, 7.6564097016503414 45.0643355068433209, 7.65639033804759439 45.06430742089698782, 7.65632928164253901 45.06432922675593034, 7.65637498672289496 45.06439324875780272, 7.65637847566032637 45.06439237652344332, 7.65639609479435812 45.06441714797922771))"
609,corr_c_n,M,"Polygon ((7.65636695126391498 45.06430573094272773, 7.65646751988538554 45.0644436311947274, 7.65646952602440845 45.0644427589603751, 7.65647493387742806 45.06444964961180233, 7.65649141910679276 45.06444223561975804, 7.65639154827280866 45.06430485870836833, 7.65638701265414756 45.0643062542833448, 7.65638099423707796 45.064299625302219, 7.65636695126391498 45.06430573094272773))"
610,corridor_e,M,"Polygon ((7.65650529853597028 45.06424374778883646, 7.65648724328475971 45.06421714464090655, 7.65642566353909171 45.06423982273422268, 7.65641886011109918 45.0642307514969005, 7.65634838357497927 45.06425883744320515, 7.65637847566032725 45.0643016641501859, 7.65638894247262236 45.06429730297839598, 7.65638972748354441 45.064298349659623, 7.65645017332454891 45.06427514822571823, 7.65644528881214459 45.06426642588213838, 7.65650529853597028 45.06424374778883646))"
611,corridor_s,M,"Polygon ((7.65628505936059245 45.06415416932024698, 7.65627049304681684 45.06413480571750796, 7.6562661318750278 45.06413620129247732, 7.65622129902903037 45.06407305152497855, 7.65622496241333383 45.06407165595000919, 7.65621554228226842 45.06405892132838176, 7.65620647104494534 45.06406206137206993, 7.65620420323561479 45.06405839798776469, 7.6561581492615165 45.06407549378118205, 7.65616094041146145 45.06407950605922963, 7.65615309030224012 45.06408282054977832, 7.65616163819894791 45.06409572961827337, 7.65616652271135223 45.064094334043304, 7.65621144278078525 45.06415643712958996, 7.65620673271525209 45.06415853049205111, 7.65623150417101783 45.06419219873826876, 7.65623534200219247 45.06419080316329229, 7.65628174487003488 45.06425491238859138, 7.65627738369824495 45.06425718019792725, 7.65630267849462331 45.06429276735973133, 7.65631140083820227 45.06428945286916843, 7.6563377423158121 45.06432538892471484, 7.65638205182119513 45.06430899091878928, 7.65634044624232146 45.06425037676992673, 7.65635100027805304 45.06424645171532006, 7.6563416673704241 45.06423319375307557, 7.656337131751763 45.06423467655148585, 7.65629264779950702 45.06417300958238314, 7.65629718341816812 45.06417135233709814, 7.65628505936059245 45.06415416932024698))"
612,corridor_w,M,"Polygon ((7.65632520394689564 45.06432667547045412, 7.65632162778602865 45.06432187818148805, 7.6563253783937677 45.06432039538307777, 7.65632241279695069 45.06431655755190491, 7.65632476782971683 45.0643156853175455, 7.65631168431434794 45.06429693227885025, 7.65630932928158181 45.06429771728977585, 7.65630618923789186 45.06429326889454501, 7.65630191528953929 45.06429492613983001, 7.65628883177417041 45.06427643477144329, 7.65616497449534705 45.06432183456979601, 7.6562002127634079 45.06437124664616078, 7.65632520394689564 45.06432667547045412))"
613,hall_s,M,"Polygon ((7.65615780036777238 45.06407418542964649, 7.65620777939648089 45.06405499627377509, 7.65618388017507367 45.06401906021822867, 7.65613241834795577 45.06403947050220893, 7.65615780036777238 45.06407418542964649))"
614,toilet1,M,"Polygon ((7.656445201588709 45.06440554726230374, 7.65647886983492487 45.06444985676767345, 7.65662418407895551 45.06439560379060794, 7.6565917369608405 45.06435077094461406, 7.656445201588709 45.06440554726230374))"
615,toilet2,M,"Polygon ((7.65627232473901209 45.06424222137861335, 7.65630634187897119 45.06422948675699303, 7.6562939125393692 45.06421278346905979, 7.65626072402204993 45.06422595420784205, 7.65627232473901209 45.06424222137861335))"
616,outside_s,M,"Polygon ((7.65599922816150436 45.06409729964014588, 7.65613494782759751 45.06404531447240203, 7.65613119721985846 45.06403938327876091, 7.65618449073912988 45.06401757741983261, 7.65621118111048204 45.06405351347537191, 7.65638423240709454 45.06398722366417076, 7.65634672632970492 45.0639343662620746, 7.65598143458060321 45.06407357486560983, 7.65599922816150436 45.06409729964014588))"
617,ouside_se,M,"Polygon ((7.65634655188283375 45.06400405778724405, 7.65656216821611313 45.06430044302206994, 7.65659705759042986 45.06428648727234076, 7.65663927373335351 45.06427148484138456, 7.65653460561040244 45.06411971606311084, 7.65649064499876264 45.06413733519714526, 7.65638423240709631 45.06398844479223698, 7.65634655188283375 45.06400405778724405))"
618,outside_e_int,M,"Polygon ((7.65659897650601806 45.06428858063480192, 7.65656147042862756 45.06430358306575812, 7.65669544562600368 45.06448762451528012, 7.65673330059713919 45.06447401765927907, 7.65659897650601806 45.06428858063480192))"
619,outside_e_ext,M,"Polygon ((7.65660073107009431 45.0642873517067315, 7.65664434278799089 45.06427130259454117, 7.65677587572916707 45.06445796074714849, 7.6567347062674731 45.06447331207184703, 7.65660073107009431 45.0642873517067315))"
620,outside_mn,M,"Polygon ((7.65656121885368002 45.06453576405187533, 7.65677692241039587 45.0644605774502125, 7.65684635226528787 45.06456245442323194, 7.65663701601938484 45.06463432653432477, 7.65656121885368002 45.06453576405187533))"
622,ext01,ext_I,"Polygon ((7.65810374713483366 45.06510364361527365, 7.65871089586240128 45.06598103909406916, 7.65895485519485764 45.06589166187021078, 7.65833833968588706 45.06502024904533954, 7.65810374713483366 45.06510364361527365))"
623,ext02,ext_I,"Polygon ((7.65814657749819894 45.06508148060193264, 7.65806970945982979 45.06496844470117935, 7.65785511951939046 45.06504549403206283, 7.6579538030938048 45.06518584467603716, 7.65811225277666274 45.06512940226421193, 7.65809255232029074 45.06510106019661777, 7.65814657749819894 45.06508148060193264))"
624,ext03,ext_I,"Polygon ((7.65811237363835673 45.06512973463386373, 7.65795401460176794 45.06518608639943579, 7.65806194409588503 45.06534387134297504, 7.65821977436255441 45.06528736850028594, 7.65811237363835673 45.06512973463386373))"
625,ext04,ext_I,"Polygon ((7.65822013694763992 45.06528803323961085, 7.65806241243495478 45.06534417349721622, 7.65818127991252418 45.06551972510997217, 7.65834048498098063 45.06546231580460216, 7.65822013694763992 45.06528803323961085))"
626,ext05,ext_I,"Polygon ((7.65834078713522004 45.06546282946681004, 7.65818167271303363 45.06551999704881695, 7.65828972306884914 45.06567705682214608, 7.65844938136866205 45.06561928493167102, 7.65834078713522004 45.06546282946681004))"
627,ext06,ext_I,"Polygon ((7.65844953244578264 45.06561960219364238, 7.65828990436139279 45.06567738919183341, 7.65841158187338333 45.06585327317426248, 7.65857175383540145 45.06579510848327175, 7.65844953244578264 45.06561960219364238))"
628,ext07,ext_I,"Polygon ((7.65857237325159179 45.06579625666938682, 7.65841218618186126 45.06585417963697893, 7.65852090127700524 45.06601078617897826, 7.65868152647038158 45.06595256105713077, 7.65857237325159179 45.06579625666938682))"
629,ext08,ext_I,"Polygon ((7.65868207034801074 45.06595343730440817, 7.6585211430003941 45.06601117897947262, 7.6586028455065831 45.06612805223906548, 7.65882030591229235 45.06604915976727455, 7.6587618692824968 45.06596878673975226, 7.65870669591848152 45.06598854762696504, 7.65868207034801074 45.06595343730440817))"
630,ext09,ext_I,"Polygon ((7.65896866364357276 45.06599465114260283, 7.65919059593201723 45.06591461048468261, 7.65910798696311268 45.06579873433409489, 7.65894207407055294 45.06586013207544283, 7.65896588382457555 45.06589385248850022, 7.65891173778497159 45.06591367380656976, 7.65896866364357276 45.06599465114260283))"
631,ext10,ext_I,"Polygon ((7.65894168127004349 45.06585865151964754, 7.65910753373175268 45.06579809981017348, 7.65899637118727661 45.06564242994630121, 7.65882976333997156 45.06570328381003776, 7.65894168127004349 45.06585865151964754))"
632,ext11,ext_I,"Polygon ((7.65882955183200398 45.06570273993239084, 7.65899622011016135 45.06564194649953237, 7.65887152105578384 45.06546816248904719, 7.65870524557813948 45.06552889549107022, 7.65882955183200398 45.06570273993239084))"
633,ext12,ext_I,"Polygon ((7.65870485277762914 45.06552810989003177, 7.65887103760900256 45.06546737688802295, 7.65876102325063446 45.06531315736450694, 7.65859544272773896 45.06537343713517174, 7.65870485277762914 45.06552810989003177))"
634,ext13,ext_I,"Polygon ((7.65859498949637807 45.06537304433464186, 7.65876044915757959 45.06531255305602457, 7.65863729108981772 45.06513953953885476, 7.65847249616794201 45.06519873155426836, 7.65859498949637807 45.06537304433464186))"
635,ext14,ext_I,"Polygon ((7.65847232998310901 45.06519833875375269, 7.65863697382786324 45.06513905609207171, 7.6585264155918642 45.06498163373361621, 7.65836160556227696 45.06504081064127831, 7.65847232998310901 45.06519833875375269))"
636,ext15,ext_I,"Polygon ((7.65852621919160725 45.06498124093307922, 7.65842759604804169 45.0648409809354078, 7.65821077016623697 45.06491872522105524, 7.65828945113003723 45.06503124745962197, 7.65834154252081678 45.06501251389681784, 7.65836136383888721 45.06504031208680061, 7.65852621919160725 45.06498124093307922))"
637,ext16,ext_I,"Polygon ((7.65812489793155393 45.06499039620656788, 7.65818194465185087 45.06507161526597116, 7.65825712062647934 45.06504502569295312, 7.65820176596992042 45.06496308146337526, 7.65818001086472222 45.06497081661188986, 7.65818871290680114 45.0649809689943126, 7.65815197095135591 45.06499378033404213, 7.65814471924962348 45.06498314450482923, 7.65812489793155393 45.06499039620656788))"
638,ext17,ext_I,"Polygon ((7.65813021584615772 45.06500393271643645, 7.65812030518712294 45.06499039620653235, 7.65814786165370709 45.06498000210071808, 7.6581534212917024 45.06499015448314083, 7.65818291154541519 45.06498000210071808, 7.65817614329046492 45.06496960799489671, 7.65820418320383123 45.06496018078264854, 7.65821312696930079 45.06497468418611163, 7.65823899137214781 45.06496259801655668, 7.65820865508656645 45.06491787918919556, 7.65807038930686357 45.06496719076098145, 7.65810042343820463 45.06501190958832836, 7.65810658738467787 45.06500919020017903, 7.65810821901756711 45.06501190958832836, 7.65813021584615772 45.06500393271643645))"
639,ext18,ext_I,"Polygon ((7.65879815800658292 45.06595662503156063, 7.65885496300348922 45.06603687719740492, 7.65887623466190437 45.06602841687871575, 7.6588694664069541 45.066019231389852, 7.65890645008579085 45.06600642005012958, 7.65891321834074112 45.06601512209221028, 7.65893448999915716 45.06600811211386315, 7.65887792672564238 45.06592713477785139, 7.65879815800658292 45.06595662503156063))"
640,ext19,ext_I,"Polygon ((7.65881387002700365 45.06603929443132017, 7.65883405393015959 45.06606818037654705, 7.6589802965817686 45.0660152429539167, 7.65896077741793846 45.06598714260968563, 7.65895551993418167 45.0659892576893597, 7.65895358614705302 45.06598611528527698, 7.65893062242489986 45.06599530077414073, 7.65893956619037031 45.06600932073082078, 7.6589122514471768 45.06601995656002657, 7.65890499974544436 45.0660095624542123, 7.65887526776834004 45.06602092345359267, 7.65888058568294383 45.06603059238923947, 7.6588515788760132 45.06604074477166222, 7.65884094304680563 45.06602551619802455, 7.65881918794160743 45.06603445996349677, 7.65882015483517176 45.06603784409097102, 7.65881387002700365 45.06603929443132017))"
653,low_south_hall,I,"Polygon ((7.65810857215643281 45.06502051849688684, 7.6581216252195512 45.06503792258105534, 7.65825445222295365 45.06499030307302434, 7.65824203368373624 45.06497256661918982, 7.65821420527833929 45.06498287007873671, 7.65820967296475619 45.06497507449937245, 7.65813226104876055 45.06500263096594949, 7.65813727680912582 45.06501006396023001, 7.65810857215643281 45.06502051849688684))"
654,1i,I,"Polygon ((7.65820550323628524 45.06525961314581963, 7.65811491739547101 45.06512733002004012, 7.65798015660494169 45.06517531211316197, 7.65805557430296169 45.06528457108593244, 7.65807563734442187 45.06527756110759952, 7.65809134936484259 45.06530070612228656, 7.65820550323628524 45.06525961314581963))"
655,2i,I,"Polygon ((7.65845632146996369 45.06500477626072865, 7.65835624798605252 45.06504103476938639, 7.6584268312162509 45.06514255859364937, 7.65854140810362694 45.06510098217037807, 7.65851481853060712 45.06506230642780508, 7.65850031512714136 45.06506714089562848, 7.65845632146996369 45.06500477626072865))"
656,3i,I,"Polygon ((7.65829578692285562 45.06539002291525975, 7.65820755788510787 45.06526094262445525, 7.65809225582755904 45.06530263990941165, 7.658107846986284 45.06532499932308156, 7.65808778394482381 45.06533237188651242, 7.65816042182384571 45.0654391531945322, 7.65829578692285562 45.06539002291525975))"
657,4i,I,"Polygon ((7.6585293219340711 45.06510823387210962, 7.65842924845016082 45.06514400893399142, 7.65853995776327956 45.06530354637210678, 7.65865598499100209 45.06526245339562564, 7.65864631605535884 45.06524794999215544, 7.65863084575832875 45.06525085067285374, 7.6586008720578338 45.0652078239092333, 7.65861537546129867 45.06520250599463395, 7.65858733554793236 45.06516383025206096, 7.65857186525090317 45.06516818127310131, 7.6585293219340711 45.06510823387210962))"
658,5i,I,"Polygon ((7.65837842610718322 45.0655133320601351, 7.65829944298914533 45.06539555233786132, 7.65816413832098153 45.06544383658521724, 7.65824445091767192 45.06556161630751944, 7.65837842610718322 45.0655133320601351))"
659,6i,I,"Polygon ((7.65854189155040821 45.06530741394637118, 7.65862697818407145 45.06542344117409726, 7.65874203851822966 45.06538138130404292, 7.65871399860486335 45.06534318900825298, 7.65869997864818064 45.06534899036963537, 7.65865646843778425 45.06528517539439349, 7.65866952150090352 45.06528082437335314, 7.65865888567169506 45.06526632096988294, 7.65854189155040821 45.06530741394637118))"
660,7i,I,"Polygon ((7.65850605605767765 45.06569347641735135, 7.6584225708414797 45.06557693552741028, 7.65828790069721954 45.06562534063647263, 7.65836924061832125 45.0657433016513238, 7.65850605605767765 45.06569347641735135))"
661,8i,I,"Polygon ((7.65878989974966817 45.06544616317285801, 7.65867097184125178 45.0654887064896954, 7.65875267434743989 45.06560473371741438, 7.65887063536229196 45.06556170695380104, 7.65886144987342998 45.06554768699712099, 7.65886096642664782 45.06554720355033794, 7.65884404578927214 45.06555397180528644, 7.65880053557887575 45.0654906402768205, 7.65881600587590583 45.0654848389154381, 7.65878989974966817 45.06544616317285801))"
662,9i,I,"Polygon ((7.65857778747398221 45.06579642036653865, 7.65850919846176303 45.06569822023889316, 7.6583726247457955 45.0657480152574621, 7.65844054901869153 45.06584639667764236, 7.65857778747398221 45.06579642036653865))"
663,10i,I,"Polygon ((7.65887450293654659 45.06556605797484849, 7.65875654192169542 45.06560860129168589, 7.65882615825832946 45.06570722443525057, 7.65894266893283415 45.06566323077807112, 7.65890350974347722 45.06560666750455368, 7.65888755599966586 45.06561198541916013, 7.65886966846872497 45.06558539584613499, 7.65888368842540856 45.06557959448475259, 7.65887450293654659 45.06556605797484849))"
664,11i,I,"Polygon ((7.65869200177627274 45.06596006710229574, 7.6585788752292423 45.06579829372280699, 7.6584771096815949 45.06583545869418117, 7.65859047795201775 45.06599717164282737, 7.65869200177627274 45.06596006710229574))"
665,12i,I,"Polygon ((7.65894460271995925 45.06566564801195085, 7.65882857549223672 45.06570867477556419, 7.65894218548604844 45.06586869566046261, 7.65906062994768266 45.06582566889684927, 7.65898811293035564 45.06572656230650153, 7.65897699365436502 45.06573042988075883, 7.65894315237961276 45.0656845024364543, 7.65895475510238555 45.06567870107506479, 7.65894460271995925 45.06566564801195085))"
666,west_hall,I,"Polygon ((7.65842151330164356 45.06557539454077954, 7.65838005774007247 45.0655158097248929, 7.65822910148233849 45.06557043921129235, 7.65822015771686804 45.06555968252038724, 7.65819417245232614 45.06557080179638319, 7.65824868107701651 45.06564936189846549, 7.65827587495851425 45.06563908865435053, 7.65826983187373678 45.06562954058039594, 7.65842151330164356 45.06557539454077954))"
667,est_hall,I,"Polygon ((7.65878119770758659 45.06537219581518627, 7.65862939541798227 45.06542585840800541, 7.65867048839446785 45.06548532236221405, 7.65882180723728911 45.06542972598226271, 7.65878119770758659 45.06537219581518627))"
668,low_north_hall,I,"Polygon ((7.65881020451449501 45.06602738706701672, 7.65894847029419701 45.06597638343151147, 7.65893680714057723 45.06595922107073449, 7.65879775575985366 45.06600986212116311, 7.65881020451449501 45.06602738706701672))"
669,south_stairs,I,"Polygon ((7.65828623884887616 45.06503762042687811, 7.65825529825481688 45.06499120953579052, 7.65812216909717414 45.06503919162894078, 7.65815449960073291 45.06508523993494464, 7.65828623884887616 45.06503762042687811))"
670,north_stairs,I,"Polygon ((7.6587976348981579 45.06600829091912885, 7.65893429926039815 45.06595798223836624, 7.65890015583140471 45.0659127195333653, 7.65876524396375302 45.06596284692160737, 7.6587976348981579 45.06600829091912885))"
671,central_yard,I,"Polygon ((7.65810379811948128 45.06510436629789496, 7.65871124900128653 45.06598121789905775, 7.65895484574865559 45.06589184067519938, 7.65833826980883625 45.0650204882811849, 7.65810379811948128 45.06510436629789496))"
672,5i_corr,I,"Polygon ((7.65823546329787153 45.06555254786854192, 7.65816045759977992 45.06544408296895909, 7.65811795965667219 45.06545962326158872, 7.65819418109194405 45.06556888103324354, 7.65823546329787153 45.06555254786854192))"
673,3i_corr,I,"Polygon ((7.65815908328818651 45.06544154577833439, 7.65808450045519695 45.06533276372993413, 7.65810585514302655 45.06532409499526892, 7.65809073771550519 45.06530326888881888, 7.6580279422473323 45.06532716076728207, 7.65811669106135628 45.06545756179421147, 7.65815908328818651 45.06544154577833439))"
674,1i_corr,I,"Polygon ((7.65808936340391 45.0653014188539629, 7.65807350596245229 45.06528027559868121, 7.65805384273504419 45.06528788717058376, 7.65797698700211527 45.06517477075484379, 7.65793448905900664 45.06519009961493083, 7.65802730794967701 45.06532594503007516, 7.65808936340391 45.0653014188539629))"
675,sw_corr,I,"Polygon ((7.65793443620086656 45.06518991461143031, 7.65811320242432014 45.06512479338512378, 7.65806795585800426 45.06505808641470168, 7.6580236607381762 45.06507478958638302, 7.65803840815873915 45.06509561569284017, 7.65800537182228336 45.0651076673483999, 7.65801721204527031 45.06512500481776584, 7.65791445582436481 45.06516142407506464, 7.65793443620086656 45.06518991461143031))"
676,ssw_corr,I,"Polygon ((7.65802318501489765 45.06507431386309293, 7.65811873931446474 45.06503852890349293, 7.65810459976245905 45.06501716100101618, 7.65813081739906831 45.06500838655005481, 7.65812722304566229 45.06500172642462587, 7.65816887525866008 45.06498666185521529, 7.65815155100382228 45.06496217532264126, 7.65798629003434606 45.06502124429221823, 7.65802318501489765 45.06507431386309293))"
677,sse_corr,I,"Polygon ((7.65815251566485777 45.06496199031923311, 7.65816940384005296 45.06498627863379625, 7.65821187535419767 45.06497150478414682, 7.6582154697076037 45.06497721346308083, 7.65824263879070344 45.06496812186329493, 7.65825759764384806 45.06499016370696609, 7.65835395803001706 45.06495570020079811, 7.65831785592153924 45.06490289492060697, 7.65815251566485777 45.06496199031923311))"
678,se_corr,I,"Polygon ((7.65835464518581421 45.06495601734964396, 7.65830850003105912 45.06497245623066306, 7.65835607235555216 45.06504011464772219, 7.65850661233350483 45.06498482503505443, 7.65848842913392058 45.06495670450546953, 7.65841421630771091 45.06498334500718528, 7.65840174178706601 45.064967064700582, 7.65836981547151741 45.06497869349101393, 7.65835464518581421 45.06495601734964396))"
679,2i_corr,I,"Polygon ((7.65850692948233291 45.06498514218391449, 7.65845851142762601 45.06500311395094371, 7.65850222510802325 45.06506453510765198, 7.65851565107515775 45.06505919643568348, 7.65854498734192735 45.06509979148593459, 7.65857871083418207 45.06508726410715582, 7.65850692948233291 45.06498514218391449))"
680,4i_corr,I,"Polygon ((7.65857913369928855 45.06508853270245396, 7.65853142922945018 45.06510690090553339, 7.65857316072965943 45.06516660417278075, 7.65858870102232903 45.06516121264266417, 7.6586180901472396 45.06520328772076311, 7.65860307843595489 45.06520809781133607, 7.65863178040506654 45.06524953859179305, 7.65864774356284261 45.06524493993376979, 7.65865905520444556 45.06526106166596435, 7.65869320156180855 45.06524875893425985, 7.65857913369928855 45.06508853270245396))"
681,6i_corr,I,"Polygon ((7.65866101095556839 45.06526398207810757, 7.65867422549015409 45.06528137240560028, 7.65865947806956093 45.06528639392874425, 7.65870091885000548 45.06534691649714119, 7.6587159834194285 45.06534067923681874, 7.6587445268141261 45.06538153857773921, 7.65877925461100606 45.06536922263150302, 7.65869653162452302 45.06525124326677201, 7.65866101095556839 45.06526398207810757))"
682,8i_corr,I,"Polygon ((7.65882465975183191 45.06543228239050336, 7.65879040767819674 45.06544512691812088, 7.65881884535661772 45.06548514052884258, 7.65880399221974884 45.0654910606403547, 7.65884659587923888 45.0655506846203906, 7.65886150187424697 45.06554476450889979, 7.65887302494840405 45.06556051623412174, 7.6589073298801793 45.06554666740186832, 7.65882465975183191 45.06543228239050336))"
683,10i_corr,I,"Polygon ((7.65887492784138679 45.06556352914797259, 7.65888734950389694 45.06557991517087203, 7.65887186206936743 45.06558546527539733, 7.65888898810618191 45.06561004430973583, 7.65890500412209452 45.06560528707726121, 7.65894586346302031 45.06566290244804662, 7.65898053840176196 45.06564915933208226, 7.65890854561736223 45.0655506317622212, 7.65887492784138679 45.06556352914797259))"
684,12i_corr,I,"Polygon ((7.65898090840873191 45.06564995220417558, 7.65894723777461817 45.06566374817827381, 7.65895865513249774 45.06567976419417931, 7.65894670919323595 45.06568462714290035, 7.65897831835995646 45.06572849939772851, 7.6589895242852819 45.06572427074666365, 7.6590623627998955 45.06582480692576098, 7.6590970377386407 45.06581153953302987, 7.65898090840873191 45.06564995220417558))"
685,ne_corr,I,"Polygon ((7.6590974606037463 45.06581280812835644, 7.65894440986422431 45.06587103136772754, 7.65899208790499575 45.06593742118947432, 7.65907158654503917 45.06590866636223325, 7.65904373030614494 45.06586918133289998, 7.65911852457187603 45.06584217082420452, 7.6590974606037463 45.06581280812835644))"
686,nne_corr,I,"Polygon ((7.6588825129842526 45.06600544961350607, 7.65889519893745252 45.06602342138052819, 7.65906667073817982 45.06596052019594367, 7.65903907878997536 45.06592129945732239, 7.65893917690853954 45.06595808872158671, 7.65895392432913358 45.06597939055134816, 7.6588825129842526 45.06600544961350607))"
687,nnw_corr,I,"Polygon ((7.65889427392003608 45.06602371210041724, 7.65888206369008184 45.06600560818804269, 7.65881025590916842 45.066031931540941, 7.65879471561650416 45.06600867396007715, 7.6586947608769318 45.0660466261034145, 7.65872266997396878 45.06608626970717779, 7.65889427392003608 45.06602371210041724))"
688,nw_corr,I,"Polygon ((7.65874037745030645 45.06602775574807396, 7.65869301655836843 45.06596168307516592, 7.65854057368743657 45.066018558431999, 7.65856065978000178 45.06604541036627154, 7.65863349829461537 45.06601887558084485, 7.6586620416893112 45.06605841346830488, 7.65874037745030645 45.06602775574807396))"
689,11i_corr,I,"Polygon ((7.65847508245405262 45.06583577498967941, 7.65839516094890538 45.06586511125644279, 7.658426770115625 45.06590951209263807, 7.6584581678497905 45.06589777758593129, 7.65854065958191832 45.06601826110500042, 7.65858883977500504 45.06599982022200379, 7.65847508245405262 45.06583577498967941))"
690,9i_corr,I,"Polygon ((7.6584382469389185 45.06584690162783602, 7.65836910849399466 45.0657473697533888, 7.65832613482753022 45.06576322719487138, 7.6583947446910754 45.06586344622512996, 7.6584382469389185 45.06584690162783602))"
691,7i_corr,I,"Polygon ((7.65836757560798276 45.06574520256972249, 7.65829225276086589 45.06563520478385954, 7.65824980767579166 45.06565037506956628, 7.6583248662322152 45.06576116572750124, 7.65836757560798276 45.06574520256972249))"
692,sw_toilet,I,"Polygon ((7.6580118525845764 45.06512322072249788, 7.65800145847876035 45.06510678353190968, 7.65803239907281874 45.06509566425592084, 7.65800496346793036 45.06505698851334785, 7.65787419111335144 45.0651040037129178, 7.65790126413315342 45.065142800317183, 7.6579332924824719 45.06513059328592874, 7.65794634554559117 45.06514751392330709, 7.6580118525845764 45.06512322072249788))"
693,se_toilet,I,"Polygon ((7.65841571194023985 45.06498018090584168, 7.65848629517043644 45.06495498124235155, 7.65844725684277705 45.06489896184645261, 7.658345370433433 45.06493600595612747, 7.65837274560747527 45.06497462126785791, 7.65840362577068579 45.06496356242270451, 7.65841571194023985 45.06498018090584168))"
694,ne_toilet,I,"Polygon ((7.6590711449151776 45.06595970451742517, 7.65917411907977996 45.06592157265248488, 7.65913628936907465 45.06586754747458912, 7.65906552484633529 45.06589310972317719, 7.65907718799995596 45.06591039294564638, 7.6590447970655493 45.06592259997689354, 7.6590711449151776 45.06595970451742517))"
695,nw_toilet,I,"Polygon ((7.65864861242755168 45.06604497244365604, 7.65857815005904907 45.06607035339971645, 7.65861658407823231 45.06612449943931864, 7.65871810790248908 45.06608679059031175, 7.65869176005286079 45.06605101552842996, 7.65865936911845502 45.06606285997459338, 7.65864861242755168 45.06604497244365604))"
696,general,,NULL
